Time,Total Electric Power (kW),Total Reactive Power (kVAR),Total Gas Power (therms/hour),Total Electric Energy (kWh),Total Reactive Energy (kVARh),Total Gas Energy (therms),Lighting Electric Power (kW),HVAC Cooling Electric Power (kW),HVAC Heating Electric Power (kW),Other Electric Power (kW),Water Heating Electric Power (kW),Other Gas Power (therms/hour),Grid Voltage (-),Lighting Reactive Power (kVAR),HVAC Cooling Reactive Power (kVAR),HVAC Heating Reactive Power (kVAR),Other Reactive Power (kVAR),Water Heating Reactive Power (kVAR),Clothes Washer Electric Power (kW),Clothes Washer Reactive Power (kVAR),Clothes Dryer Electric Power (kW),Clothes Dryer Reactive Power (kVAR),Clothes Dryer Gas Power (therms/hour),Dishwasher Electric Power (kW),Dishwasher Reactive Power (kVAR),Refrigerator Electric Power (kW),Refrigerator Reactive Power (kVAR),Cooking Range Electric Power (kW),Cooking Range Reactive Power (kVAR),Cooking Range Gas Power (therms/hour),Exterior Lighting Electric Power (kW),Exterior Lighting Reactive Power (kVAR),Indoor Lighting Electric Power (kW),Indoor Lighting Reactive Power (kVAR),MELs Electric Power (kW),MELs Reactive Power (kVAR),TV Electric Power (kW),TV Reactive Power (kVAR),Ventilation Fan Electric Power (kW),Ventilation Fan Reactive Power (kVAR),HVAC Heating Delivered (W),HVAC Heating Duct Losses (W),HVAC Heating Setpoint (C),HVAC Heating Main Power (kW),HVAC Heating Fan Power (kW),HVAC Heating Latent Gains (W),HVAC Heating COP (-),HVAC Heating SHR (-),HVAC Heating Speed (-),HVAC Heating Capacity (W),HVAC Heating Max Capacity (W),HVAC Heating ER Power (kW),HVAC Cooling Delivered (W),HVAC Cooling Duct Losses (W),HVAC Cooling Setpoint (C),HVAC Cooling Main Power (kW),HVAC Cooling Fan Power (kW),HVAC Cooling Latent Gains (W),HVAC Cooling COP (-),HVAC Cooling SHR (-),HVAC Cooling Speed (-),HVAC Cooling Capacity (W),HVAC Cooling Max Capacity (W),Water Heating Delivered (W),Water Heating COP (-),Water Heating Total Sensible Heat Gain (W),Water Heating Deadband Upper Limit (C),Water Heating Deadband Lower Limit (C),Hot Water Delivered (L/min),Hot Water Outlet Temperature (C),Hot Water Delivered (W),Hot Water Unmet Demand (kW),Hot Water Heat Injected (W),Hot Water Heat Loss (W),Hot Water Average Temperature (C),Hot Water Maximum Temperature (C),Hot Water Minimum Temperature (C),Hot Water Mains Temperature (C),Temperature - Indoor (C),Temperature - Attic (C),Temperature - Outdoor (C),Temperature - Ground (C),Unmet HVAC Load (C),Occupancy (Persons),Net Sensible Heat Gain - Indoor (W),Net Sensible Heat Gain - Attic (W),Window Transmitted Solar Gain (W)
2018-01-01 00:00:00,1.6066561963906822,0.9524669699925473,0.0,1.6066561963906822,0.9524669699925472,0.0,0.05538550905644415,0.05,1.2362964048625849,0.26497428247165333,0.0,0.0,1.0,0.0,0.01458333333333334,0.7985685880694748,0.1393150485897391,0.0,0.0,0.0,0.0,0.0,0.0,0.0,0.0,0.03973394702197824,0.029800460266483673,0.0,0.0,0.0,0.013876499157498263,0.0,0.04150900989894588,0.0,0.13094453639663856,0.09820840229747889,0.07434579905303654,0.0,0.01995,0.011306186025776549,1271.6590009290596,565.7736651231382,18.33333333333337,1.0817763267375848,0.154520078125,0.0,1.5298069439007633,0.9833333333333333,0.9833333333333333,1682.912587927198,1724.1602044133967,0.0,0.0,0.0,24.444444444444457,0.05,0.0,0.0,0.0,0.0,0.0,0.0,4210.552653333333,0.0,0.0,44.68471804217102,51.66666666666668,46.10666666666668,0.0,51.40367320200908,0.0,0.0,0.0,44.68471804217102,51.120848211720016,51.40367320200908,50.97943571657548,10.042356980382465,17.41880732095773,-7.442707587311135,-18.0,6.529479366362011,-0.41508940876885453,0.183,336.14495948286196,-1703.6256536988353,0.0
2018-01-01 01:00:00,3.9960015091774403,2.5028346376610804,0.0,3.9960015091774403,2.50283463766108,0.0,0.047426603303140795,0.05,3.646324848389605,0.25225005748469387,0.0,0.0,1.0,0.0,0.01458333333333334,2.355293175947383,0.13295812838036394,0.0,0.0,0.0,0.0,0.0,0.0,0.0,0.0,0.038740598346428776,0.029055448759821575,0.0,0.0,0.0,0.012835761720685892,0.0,0.034590841582454894,0.0,0.1234619914596878,0.09259649359476582,0.07009746767857732,0.0,0.01995,0.011306186025776549,2974.0366348079096,1323.1783094811137,18.33333333333337,1.1027761113710872,0.1571390625,0.0,1.4733537013289337,1.0,1.0,4140.075881789023,1753.6662072705049,2.3864096745185184,0.0,0.0,24.444444444444457,0.05,0.0,0.0,0.0,0.0,0.0,0.0,4210.552653333333,0.0,0.0,44.65676634606258,51.66666666666668,46.10666666666668,0.0,51.15804133011398,0.0,0.0,0.0,44.65676634606258,50.89469391710215,51.15804133011398,50.76302021059624,10.042356980382465,17.21302323221859,-10.956873217516106,-17.3,6.529479366362011,-0.6204631858225714,0.183,2018.6970210053946,44.90049588902505,0.0
2018-01-01 02:00:00,2.904011520590268,1.798358158917927,0.0,2.9040115205902683,1.7983581589179267,0.0,0.047426603303140795,0.05,2.561193646633688,0.2453912706534394,0.0,0.0,1.0,0.0,0.01458333333333334,1.6543676630622484,0.1294071625223453,0.0,0.0,0.0,0.0,0.0,0.0,0.0,0.0,0.03774724967087933,0.028310437253159484,0.0,0.0,0.0,0.012835761720685892,0.0,0.034590841582454894,0.0,0.1197207189912124,0.08979053924340927,0.06797330199134768,0.0,0.01995,0.011306186025776549,2260.958905373394,1005.9229759324954,18.33333333333337,1.1190647593929473,0.1571390625,0.0,1.5602816312165428,1.0,1.0,3109.7428188058893,1824.7529940651484,1.2849898247407405,0.0,0.0,24.444444444444457,0.05,0.0,0.0,0.0,0.0,0.0,0.0,4210.552653333333,0.0,0.0,44.11334215752538,51.66666666666668,46.10666666666668,0.0,50.9146966645156,0.0,0.0,0.0,44.11334215752538,50.67048512596826,50.9146966645156,50.548379356694596,10.042356980382465,17.39809640110461,-11.609417514851796,-15.950000000000001,6.529479366362011,-0.44202024255087446,0.183,1324.4919949873888,165.1649508019283,0.0
2018-01-01 03:00:00,4.1842603584807545,2.6266447534860267,0.0,4.1842603584807545,2.6266447534860267,0.0,0.04673277834526588,0.05,3.8489950963133035,0.23853248382218492,0.0,0.0,1.0,0.0,0.01458333333333334,2.486205223488367,0.12585619666432668,0.0,0.0,0.0,0.0,0.0,0.0,0.0,0.0,0.036753900995329866,0.027565425746497393,0.0,0.0,0.0,0.012141936762810982,0.0,0.034590841582454894,0.0,0.115979446522737,0.08698458489205273,0.06584913630411808,0.0,0.01995,0.011306186025776549,3188.308262071221,1418.5098754119913,18.33333333333337,1.1218763843318222,0.1571390625,0.0,1.531203154866186,1.0,1.0,4449.679074983213,1879.699425501731,2.569979649481481,0.0,0.0,24.444444444444457,0.05,0.0,0.0,0.0,0.0,0.0,0.0,4210.552653333333,0.0,0.0,43.968500628240136,51.66666666666668,46.10666666666668,0.0,50.673136537203014,0.0,0.0,0.0,43.968500628240136,50.44775691060126,50.673136537203014,50.33506709730038,10.042356980382465,17.283949939680618,-11.400052355020415,-14.85,6.529479366362011,-0.5534113081812523,0.183,2291.523265624417,762.5035502465901,0.0
2018-01-01 04:00:00,3.2959112821223555,1.8055420472294663,0.0,3.295911282122356,1.8055420472294663,0.0,0.05019186250351137,0.05,2.5746220803928344,0.62109733922601,0.0,0.0,1.0,0.0,0.01458333333333334,1.663041574387112,0.12791713950902112,0.0,0.0,0.0,0.0,0.0,0.0,0.0,0.0,0.035760552319780405,0.026820414239835295,0.37769276592366946,0.0,0.0,0.012141936762810982,0.0,0.03804992574070039,0.0,0.1197207189912124,0.08979053924340927,0.06797330199134768,0.0,0.01995,0.011306186025776549,2341.5126036271877,1041.7621128921485,18.33333333333337,1.1324931931520936,0.1571390625,0.0,1.6343669552220905,1.0,1.0,3226.135654019336,1941.1458292785953,1.2849898247407405,0.0,0.0,24.444444444444457,0.05,0.0,0.0,0.0,0.0,0.0,0.0,4210.552653333333,0.0,0.0,43.581518914686846,51.66666666666668,46.10666666666668,0.0,50.433493433891734,0.0,0.0,0.0,43.581518914686846,50.226635528759836,50.433493433891734,50.12320657619389,10.042356980382465,17.354104848045935,-10.800412476621222,-13.7,6.529479366362011,-0.4835373073838051,0.183,1760.2679630289063,487.86543813928023,0.0
2018-01-01 05:00:00,3.201869700543746,1.8145201294355648,0.0,3.201869700543746,1.8145201294355648,0.0,0.07579310152697963,0.05,2.5841774017405177,0.4918991972762486,0.0,0.0,1.0,0.0,0.01458333333333334,1.6692137022418538,0.13072309386037767,0.0,0.0,0.0,0.0,0.0,0.0,0.0,0.0,0.035760552319780405,0.026820414239835295,0.24262918581820306,0.0,0.0,0.013529586678560808,0.0,0.06226351484841882,0.0,0.1234619914596878,0.09259649359476582,0.07009746767857732,0.0,0.01995,0.011306186025776549,2406.5004288483624,1070.6758390065422,18.33333333333337,1.142048514499777,0.1571390625,0.0,1.7022413140789643,1.0,1.0,3320.037205354905,2035.047380614164,1.2849898247407405,0.0,0.0,24.444444444444457,0.05,0.0,0.0,0.0,0.0,0.0,0.0,4210.552653333333,0.0,0.0,42.41314502227252,51.66666666666668,46.10666666666668,0.11589716035014828,50.07453573444117,323.4546195805643,0.0,0.0,42.41314502227252,49.20513889530791,50.07453573444117,48.770440475741296,10.042356980382465,17.225321424959002,-10.061255901113485,-12.05,6.529479366362011,-0.611114884878685,0.183,1833.782148746062,655.7177921251646,0.0
2018-01-01 06:00:00,7.265086014388142,4.564164738696212,0.0,7.265086014388142,4.5641647386962125,0.0,0.11903667382061278,0.05,6.821330879135564,0.2747184614319644,0.0,0.0,1.0,0.0,0.01458333333333334,4.406144471083751,0.14343693427912793,0.0,0.0,0.0,0.0,0.0,0.0,0.0,0.0,0.03774724967087933,0.028310437253159484,0.0,0.0,0.0,0.01526414907324809,0.0,0.10377252474736469,0.0,0.1384270813335893,0.10382031100019194,0.07859413042749576,0.0,0.01995,0.011306186025776549,5390.597674822742,2398.3302138863783,21.231111111111133,1.1570925677466761,0.1571390625,0.0,1.4626440949403916,1.0,1.0,7631.788826209119,2124.6895773202314,5.507099248888888,0.0,0.0,24.444444444444457,0.05,0.0,0.0,0.0,0.0,0.0,0.0,4210.552653333333,0.0,0.0,40.664631079297074,51.66666666666668,46.10666666666668,0.0,49.70963390532836,0.0,0.0,0.0,40.664631079297074,48.163289327849185,49.70963390532836,47.390117039109604,10.042356980382465,17.540787473926887,-8.516806478539605,-10.4,6.529479366362011,-3.1347680816286925,0.183,4743.46996913554,2003.9403503731871,0.0
2018-01-01 07:00:00,7.5952103147857315,4.7554944612293975,0.0,7.595210314785731,4.7554944612293975,0.0,0.14566860964976439,0.05,7.093509355574378,0.30603234956158837,0.0,0.0,1.0,0.0,0.01458333333333334,4.58195439884683,0.15895672904923483,0.0,0.0,0.0,0.0,0.0,0.0,0.0,0.0,0.03973394702197824,0.029800460266483673,0.0,0.0,0.0,0.01422341163643572,0.0,0.13144519801332863,0.0,0.15713344367596627,0.11785008275697466,0.08921495886364385,0.0,0.01995,0.011306186025776549,5559.328650028357,2473.4002933590496,21.666666666666686,1.2457010692225263,0.1571390625,0.0,1.4029861284538125,1.0,1.0,7875.589880887406,2184.920657035554,5.6906692238518515,0.0,0.0,24.444444444444457,0.05,0.0,0.0,0.0,0.0,0.0,0.0,4210.552653333333,0.0,0.0,36.22995758069773,51.66666666666668,46.10666666666668,0.0,49.48729233326599,0.0,0.0,0.0,36.22995758069773,47.97085262874383,49.48729233326599,47.21263277648276,10.042356980382465,20.692995865268077,-4.480717970198901,-8.7,6.529479366362011,-0.47608744461292335,0.159,4866.957706193148,1692.1122556634277,9.394683278564644
2018-01-01 08:00:00,5.055780918214165,3.1098435324685383,0.0,5.055780918214165,3.1098435324685383,0.0,0.15257673733512625,0.05,4.540313044486195,0.3128911363928428,0.0,0.0,1.0,0.0,0.01458333333333334,2.9327525042279516,0.1625076949072535,0.0,0.0,0.0,0.0,0.0,0.0,0.0,0.0,0.04072729569752769,0.03054547177314576,0.0,0.0,0.0,0.010754286847061154,0.0,0.1418224504880651,0.0,0.16087471614444163,0.12065603710833119,0.09133912455087345,0.0,0.01995,0.011306186025776549,3859.8024922651953,1717.2642989235808,21.666666666666686,1.2624844076158253,0.1571390625,0.0,1.6089884070714564,1.0,1.0,5419.927728688776,2299.238154318405,3.12068957437037,0.0,0.0,24.444444444444457,0.05,0.0,0.0,0.0,0.0,0.0,0.0,4210.552653333333,0.0,0.0,36.041235123118014,51.66666666666668,46.10666666666668,0.0,49.275847059055124,0.0,0.0,0.0,36.041235123118014,47.788284398145514,49.275847059055124,47.04450306769071,10.042356980382465,20.65174514091003,-3.347572910934717,-6.8,6.529479366362011,-0.5174110679750451,0.07500000000000001,3332.117682512393,1101.6094872184271,81.28842364952146
2018-01-01 09:00:00,5.731388579397328,2.89626071819096,0.0,5.731388579397327,2.89626071819096,0.0,0.15049526246150152,0.05,4.209656831135575,0.3128911363928428,1.0083453494074075,0.0,1.0,0.0,0.01458333333333334,2.7191696899503737,0.1625076949072535,0.0,0.0,0.0,0.0,0.0,0.0,0.0,0.0,0.04072729569752769,0.03054547177314576,0.0,0.0,0.0,0.008672811973436416,0.0,0.1418224504880651,0.0,0.16087471614444163,0.12065603710833119,0.09133912455087345,0.0,0.01995,0.011306186025776549,3747.5554210452656,1667.3244669111934,21.666666666666686,1.2989681441911312,0.1571390625,0.0,1.7182847212336767,1.0,1.0,5257.740825456459,2504.1912010120145,2.753549624444444,0.0,0.0,24.444444444444457,0.05,0.0,0.0,0.0,0.0,0.0,0.0,4210.552653333333,1008.3453494074075,0.18333333333333332,38.55301615328339,51.66666666666668,46.10666666666668,0.13858074809213594,50.5069578707886,390.58671043690794,0.0,1008.3453494074075,38.55301615328339,49.6894016332976,50.5069578707886,49.2806235145521,10.042356980382465,20.658106071578267,-1.4535765136432677,-4.050000000000001,6.529479366362011,-0.510946549053094,0.045,3398.436808331988,1262.3477405882293,293.74300401450745
2018-01-01 10:00:00,4.41792689278729,2.7037644411284676,0.0,4.41792689278729,2.7037644411284676,0.0,0.1432301816660731,0.05,3.9127989234039235,0.3118977877172933,0.0,0.0,1.0,0.0,0.01458333333333334,2.527418424394543,0.16176268340059138,0.0,0.0,0.0,0.0,0.0,0.0,0.0,0.0,0.03973394702197824,0.029800460266483673,0.0,0.0,0.0,0.008325899494498959,0.0,0.13490428217157413,0.0,0.16087471614444163,0.12065603710833119,0.09133912455087345,0.0,0.01995,0.011306186025776549,3736.6121382565675,1662.4556921788815,21.666666666666686,1.369250186385405,0.1571390625,0.0,1.874152475247832,1.0,1.0,5241.928767935448,2855.5190934169304,2.3864096745185184,0.0,0.0,24.444444444444457,0.05,0.0,0.0,0.0,0.0,0.0,0.0,4210.552653333333,0.0,0.0,39.31622522774598,51.66666666666668,46.10666666666668,0.04538427794438132,51.31967250770643,130.60243130234105,0.0,0.0,39.31622522774598,50.199782570572275,51.31967250770643,49.6398376020052,10.042356980382465,20.573541072582998,2.075178032112445,-0.40000000000000013,6.529479366362011,-0.5959254528682664,0.045,3578.910204563254,1432.8638424740323,459.2256218019936
2018-01-01 11:00:00,2.0874892694920617,1.2019363951993693,0.0,2.0874892694920613,1.2019363951993693,0.0,0.1363120133495821,0.05,1.583414030269481,0.3177632258729984,0.0,0.0,1.0,0.0,0.01458333333333334,1.022784424114088,0.16456863775194794,0.0,0.0,0.0,0.0,0.0,0.0,0.0,0.0,0.03973394702197824,0.029800460266483673,0.0,0.0,0.0,0.008325899494498959,0.0,0.12798611385508313,0.0,0.164615988612917,0.12346199145968773,0.09346329023810306,0.0,0.01995,0.011306186025776549,2270.8048198328993,1010.3035206431244,21.666666666666686,1.426274967769481,0.1571390625,0.0,2.190124191696142,1.0,1.0,3123.969277976024,3123.969277976024,0.0,0.0,0.0,24.444444444444457,0.05,0.0,0.0,0.0,0.0,0.0,0.0,4210.552653333333,0.0,0.0,37.7778628913746,51.66666666666668,46.10666666666668,0.09170182036039114,50.94747181045862,261.510008472211,0.0,0.0,37.7778628913746,49.01984893846942,50.94747181045862,48.05603750247483,10.042356980382465,20.578664227838974,6.170688238993844,2.0999999999999996,6.529479366362011,-0.5880024388277124,0.045,2217.6323696499294,519.2320402573696,487.50263305707654
2018-01-01 12:00:00,3.4418510769137365,1.2632628920850357,0.0,3.4418510769137365,1.2632628920850357,0.0,0.13354675414921152,0.05,1.6001997835677597,0.6497591897893579,1.0083453494074075,0.0,1.0,0.0,0.01458333333333334,1.0336269496268744,0.2150526091248279,0.0,0.0,0.0,0.0,0.0,0.0,0.3241438284095557,0.04618799400819926,0.04172064437307715,0.03129048327980785,0.0,0.0,0.0,0.00901972445237387,0.0,0.12452702969683764,0.0,0.1683572610813924,0.12626794581104425,0.09558745592533267,0.0,0.01995,0.011306186025776549,2368.303716001029,1053.6817437282455,21.666666666666686,1.4430607210677597,0.1571390625,0.0,2.262213816768104,1.0,1.0,3264.8463972292748,3264.8463972292748,0.0,0.0,0.0,24.444444444444457,0.05,0.0,0.0,0.0,0.0,0.0,0.0,4210.552653333333,1008.3453494074075,0.18333333333333332,39.24027957535083,51.66666666666668,46.10666666666668,0.2916147333713862,51.294052764276515,838.596659189444,0.0,1008.3453494074075,39.24027957535083,49.8955503525756,51.29405276427652,49.196299146725146,10.042356980382465,20.348891442192794,8.69963254502361,3.6,6.529479366362011,-0.8177752244738916,0.045,2469.141265302898,107.63057615134841,462.76664880362085
2018-01-01 13:00:00,3.029939943587222,1.221156440210625,0.0,3.029939943587222,1.221156440210625,0.0,0.1311284074277784,0.05,1.606518584409271,0.32561536137980224,0.9166775903703706,0.0,1.0,0.0,0.01458333333333334,1.0377084917606632,0.16886461511662862,0.0,0.0,0.0,0.0,0.0,0.0,0.0,0.0,0.04172064437307715,0.03129048327980785,0.0,0.0,0.0,0.010060461889186242,0.0,0.12106794553859215,0.0,0.1683572610813924,0.12626794581104425,0.09558745592533267,0.0,0.01995,0.011306186025776549,2381.8100265743865,1059.690834868085,21.666666666666686,1.449379521909271,0.1571390625,0.0,2.265940473085398,1.0,1.0,3284.361798942472,3284.361798942472,0.0,0.0,0.0,24.444444444444457,0.05,0.0,0.0,0.0,0.0,0.0,0.0,4210.552653333333,916.6775903703705,0.16666666666666666,38.9987846648107,51.66666666666668,46.10666666666668,0.18097026651212567,51.40292767350492,521.7994334743066,0.0,916.6775903703705,38.9987846648107,49.79715284586461,51.40292767350492,48.99426543204446,10.042356980382465,20.4495339125764,9.859036691873108,3.85,6.529479366362011,-0.717132754090284,0.045,2373.501797481817,-439.81568056755066,453.1111289386816
2018-01-01 14:00:00,2.1142101003304794,1.2178345068608594,0.0,2.1142101003304794,1.2178345068608594,0.0,0.13874040070214427,0.05,1.6057197764042381,0.31974992322409723,0.0,0.0,1.0,0.0,0.01458333333333334,1.0371925127622539,0.16605866076527212,0.0,0.0,0.0,0.0,0.0,0.0,0.0,0.0,0.04172064437307715,0.03129048327980785,0.0,0.0,0.0,0.010754286847061154,0.0,0.12798611385508313,0.0,0.164615988612917,0.12346199145968773,0.09346329023810306,0.0,0.01995,0.011306186025776549,2365.938857207128,1052.629594664427,21.666666666666686,1.448580713904238,0.1571390625,0.0,2.251433288596082,1.0,1.0,3261.4293893715558,3261.4293893715558,0.0,0.0,0.0,24.444444444444457,0.05,0.0,0.0,0.0,0.0,0.0,0.0,4210.552653333333,0.0,0.0,38.63530445389422,51.66666666666668,46.10666666666668,0.13554166101982468,51.376967490569214,390.5867104369079,0.0,0.0,38.63530445389422,49.64150094672445,51.376967490569214,48.77376767480207,10.042356980382465,20.541070169867982,9.600527670717296,3.6,6.529479366362011,-0.6255964967987004,0.045,2353.3310305391124,-522.068300654374,444.0600226922254
2018-01-01 15:00:00,3.2319140131642845,1.2224191496673338,0.0,3.2319140131642845,1.2224191496673338,0.0,0.15396438725087608,0.05,1.6052828069412468,0.5059892286017914,0.9166775903703706,0.0,1.0,0.0,0.01458333333333334,1.0369102583726773,0.17092555796132317,0.0,0.0,0.0,0.0,0.0,0.0,0.0,0.0,0.04072729569752769,0.03054547177314576,0.17550177774183356,0.0,0.0,0.012141936762810982,0.0,0.1418224504880651,0.0,0.17209853354986782,0.12907390016240083,0.09771162161256232,0.0,0.01995,0.011306186025776549,2331.329534836677,1037.2315648854903,21.666666666666686,1.4481437444412468,0.1571390625,0.0,2.2173752734678276,1.0,1.0,3211.4220372221675,3211.4220372221675,0.0,0.0,0.0,24.444444444444457,0.05,0.0,0.0,0.0,0.0,0.0,0.0,4210.552653333333,916.6775903703705,0.16666666666666666,38.045301269694946,51.66666666666668,46.10666666666668,0.09101811002974809,51.25965391518405,261.510008472211,0.0,916.6775903703705,38.045301269694946,49.381132071722526,51.25965391518405,48.441871149991776,10.042356980382465,20.77354033283496,9.346629295661627,3.05,6.529479366362011,-0.39312633383172874,0.045,2443.3856379300096,-523.9115781942132,374.27845926311164
2018-01-01 16:00:00,2.6012159066432674,1.2093998965372443,0.0,2.6012159066432674,1.2093998965372443,0.0,0.18821835698552258,0.05,1.5729790024596895,0.7900185471980552,0.0,0.0,1.0,0.0,0.01458333333333334,1.0160440620198885,0.1787725011840225,0.0,0.0,0.0,0.0,0.0,0.0,0.0,0.0,0.043707341724176056,0.03278050629313203,0.444820174000039,0.0,0.0,0.01526414907324809,0.0,0.1729542079122745,0.0,0.1795810784868186,0.13468580886511392,0.10195995298702153,0.0,0.01995,0.011306186025776549,2181.9689573451724,970.7795669123394,21.666666666666686,1.4158399399596895,0.1571390625,0.0,2.114665077994894,1.0,1.0,2995.6094617575122,2995.6094617575122,0.0,0.0,0.0,24.444444444444457,0.05,0.0,0.0,0.0,0.0,0.0,0.0,4210.552653333333,0.0,0.0,40.127197896540316,51.66666666666668,46.10666666666668,0.04486798239582446,51.79464344275773,130.60243130234105,0.0,0.0,40.127197896540316,51.233676178850494,51.79464344275773,50.95319254689688,10.042356980382465,20.974991309486594,7.9043178082051035,0.8000000000000002,6.529479366362011,-0.1916753571800907,0.053999999999999986,2431.8302125070536,-608.3752684267422,189.92091216100306
2018-01-01 17:00:00,2.2563111837112713,1.2001516525809814,0.0,2.2563111837112713,1.2001516525809814,0.0,0.24426756910645445,0.05,1.5217450699012882,0.4402985447035287,0.0,0.0,1.0,0.0,0.01458333333333334,0.9829502108823396,0.20261810836530858,0.0,0.0,0.0,0.0,0.0,0.0,0.06766502418049475,0.009641743749211595,0.047680736426373875,0.0357605523197804,0.0,0.0,0.0,0.019427098820497573,0.0,0.22484047028595686,0.0,0.1945461683607201,0.14590962627054005,0.11045661573593998,0.0,0.01995,0.011306186025776549,2025.945922544066,901.3633757961949,21.666666666666686,1.3646060074012882,0.1571390625,0.0,2.0295275582481844,1.0,1.0,2770.1702358402613,2770.1702358402613,0.0,0.0,0.0,24.444444444444457,0.05,0.0,0.0,0.0,0.0,0.0,0.0,4210.552653333333,0.0,0.0,39.223410204841954,51.66666666666668,46.10666666666668,0.04995386604908296,51.466865172916314,144.26569761013195,0.0,0.0,39.223410204841954,50.33915251226105,51.466865172916314,49.77529618193342,10.042356980382465,20.78266660341907,5.093725724170499,-1.4,6.529479366362011,-0.3840000632476141,0.099,1956.561434815461,-664.8209355577568,28.86775268862739
2018-01-01 18:00:00,3.490710329014682,1.2016208648842353,0.0,3.490710329014682,1.2016208648842355,0.0,0.31968363626110935,0.05,1.4757168830872665,0.6369644602588989,1.0083453494074075,0.0,1.0,0.0,0.01458333333333334,0.9532189393111367,0.23381859223976537,0.0,0.0,0.0,0.0,0.0,0.0,0.25647880422906094,0.03654625025898766,0.0496674337774728,0.03725057533310458,0.0,0.0,0.0,0.022202398651997222,0.0,0.2974812376091121,0.0,0.1982874408291955,0.14871558062189658,0.1125807814231696,0.0,0.01995,0.011306186025776549,1894.2965345282573,842.7912611691564,21.666666666666686,1.3185778205872665,0.1571390625,0.0,1.955840399690773,1.0,1.0,2579.9487331974137,2579.9487331974137,0.0,0.0,0.0,24.444444444444457,0.05,0.0,0.0,0.0,0.0,0.0,0.0,4210.552653333333,1008.3453494074075,0.18333333333333332,38.77043890349246,51.66666666666668,46.10666666666668,0.2580419415667014,51.261712699424216,741.4897173788206,0.0,1008.3453494074075,38.77043890349246,49.63307548833907,51.261712699424216,48.81875688279651,10.042356980382465,20.453332594555953,1.9317406279918108,-3.6,6.529479366362011,-0.7133340721107337,0.162,1880.0477182456639,-641.9927537364977,0.0
2018-01-01 19:00:00,4.63946167223913,1.8960979810206013,0.0,4.639461672239129,1.8960979810206013,0.0,0.3867938851835235,0.05,2.5631648765001076,0.6311575611480911,1.0083453494074075,0.0,1.0,0.0,0.01458333333333334,1.655640951769548,0.22587369591772008,0.0,0.0,0.0,0.0,0.0,0.0,0.2702549169364671,0.038509240004336136,0.047680736426373875,0.0357605523197804,0.0,0.0,0.0,0.02359004856774705,0.0,0.36320383661577643,0.0,0.18706362342376937,0.140297717567827,0.10620828436148079,0.0,0.01995,0.011306186025776549,2573.5770034700035,1145.0098592988097,21.666666666666686,1.3046059642223296,0.1571390625,0.0,1.8045306559776841,1.0,1.0,3561.447800268813,2460.0279504910354,1.1014198497777776,0.0,0.0,24.444444444444457,0.05,0.0,0.0,0.0,0.0,0.0,0.0,4210.552653333333,1008.3453494074075,0.18333333333333332,38.92613697370487,51.66666666666668,46.10666666666668,0.3882940171379286,51.50469089151228,1122.38638252258,0.0,1008.3453494074075,38.92613697370487,49.919186602421355,51.50526174159223,49.12586360779595,10.042356980382465,20.60485252215327,-0.3067353988057803,-5.3,6.529479366362011,-0.5633784564375224,0.162,2528.2572611915125,-164.57854286299374,0.0
2018-01-01 20:00:00,3.413604518764797,1.8557523389991386,0.0,3.4136045187647968,1.8557523389991386,0.0,0.40478313093262586,0.05,2.562619495290123,0.3962018925420482,0.0,0.0,1.0,0.0,0.01458333333333334,1.65528867030929,0.18588033535651535,0.0,0.0,0.0,0.0,0.0,0.0,0.053888911473088635,0.007678754003863126,0.04668738775082442,0.035015540813118314,0.0,0.0,0.0,0.024283873525621964,0.0,0.3804992574070039,0.0,0.1758398060183432,0.13187985451375736,0.09983578729979192,0.0,0.01995,0.011306186025776549,2557.912118478157,1138.040397053747,21.666666666666686,1.304060583012345,0.1571390625,0.0,1.7907458305700357,1.0,1.0,3538.8134530319044,2437.3936032541264,1.1014198497777776,0.0,0.0,24.444444444444457,0.05,0.0,0.0,0.0,0.0,0.0,0.0,4210.552653333333,0.0,0.0,38.274411529198694,51.66666666666668,46.10666666666668,0.10737946419952447,51.30205693434055,308.8758205852495,0.0,0.0,38.274411529198694,49.38315005315337,51.30205693434055,48.42369661255979,10.042356980382465,20.56509025665107,-1.635980376100627,-5.85,6.529479366362011,-0.6021205492459063,0.162,2437.983535048893,191.1162298465168,0.0
2018-01-01 21:00:00,4.153089660688415,1.8406746788388126,0.0,4.153089660688415,1.8406746788388126,0.0,0.2958169596323284,0.05,2.561006354603715,0.32958875608200006,0.9166775903703706,0.0,1.0,0.0,0.01458333333333334,1.6542466843622023,0.171844661143277,0.0,0.0,0.0,0.0,0.0,0.0,0.0,0.0,0.045694039075274966,0.034270529306456216,0.0,0.0,0.0,0.02254931113093468,0.0,0.27326764850139373,0.0,0.1683572610813924,0.12626794581104425,0.09558745592533267,0.0,0.01995,0.011306186025776549,2549.166791163157,1134.1495144475653,21.666666666666686,1.3024474423259378,0.1571390625,0.0,1.7841150276381341,1.0,1.0,3526.1772431107224,2424.757393332945,1.1014198497777776,0.0,0.0,24.444444444444457,0.05,0.0,0.0,0.0,0.0,0.0,0.0,4210.552653333333,916.6775903703705,0.16666666666666666,38.94073956510182,51.66666666666668,46.10666666666668,0.24493689969054286,51.26869569309203,703.9643584739883,0.0,916.6775903703705,38.94073956510182,49.854180224243756,51.26869569309203,49.14692248981962,10.042356980382465,20.53587371492175,-2.092762941257775,-6.1,6.529479366362011,-0.63087018136548,0.183,2289.7037170365847,337.7565680252844,0.0
2018-01-01 22:00:00,5.466163000028453,2.7826995539533876,0.0,5.466163000028453,2.7826995539533876,0.0,0.15779046515031717,0.05,4.043420076555389,0.2982748679523762,0.9166775903703706,0.0,1.0,0.0,0.01458333333333334,2.611791354246884,0.15632486637317017,0.0,0.0,0.0,0.0,0.0,0.0,0.0,0.0,0.043707341724176056,0.03278050629313203,0.0,0.0,0.0,0.019427098820497573,0.0,0.13836336632981958,0.0,0.1496508987390155,0.11223817405426159,0.08496662748918461,0.0,0.01995,0.011306186025776549,3580.5284380552043,1593.0125104262345,21.666666666666686,1.3163013645739072,0.1571390625,0.0,1.6782499230308887,1.0,1.0,5016.401885981439,2446.4222364999573,2.569979649481481,0.0,0.0,24.444444444444457,0.05,0.0,0.0,0.0,0.0,0.0,0.0,4210.552653333333,916.6775903703705,0.16666666666666666,38.32032897071273,51.66666666666668,46.10666666666668,0.21803176240034502,51.19793681148058,625.5490284341103,0.0,916.6775903703705,38.32032897071273,49.53880652158783,51.19793681148058,48.70924137664145,10.042356980382465,20.7007852389461,-2.1862661962630425,-6.1,6.529479366362011,-0.47372576536799477,0.183,3128.2381552146203,731.9311507191087,0.0
2018-01-01 23:00:00,0.5739227251442338,0.26953300558952165,0.0,0.5739227251442338,0.26953300558952165,0.0,0.07856840135847928,0.05,0.17352125448284675,0.27183306930290774,0.0,0.0,1.0,0.0,0.01458333333333334,0.1120836578084306,0.1428660144477577,0.0,0.0,0.0,0.0,0.0,0.0,0.0,0.0,0.04072729569752769,0.03054547177314576,0.0,0.0,0.0,0.01630488651006046,0.0,0.06226351484841882,0.0,0.13468580886511392,0.10101435664883539,0.07646996474026614,0.0,0.01995,0.011306186025776549,212.02904415406545,94.333818528363,18.768888888888924,0.15518836385784673,0.018332890624999997,0.0,0.21653432281285295,0.11666666666666667,0.11666666666666667,288.02997205742844,2470.3769419415494,0.0,0.0,0.0,24.444444444444457,0.05,0.0,0.0,0.0,0.0,0.0,0.0,4210.552653333333,0.0,0.0,41.38738317009611,51.66666666666668,46.10666666666668,0.0,51.38114966333045,0.0,0.0,0.0,41.38738317009611,50.54827701558382,51.38114966333045,50.131840691710515,10.042356980382465,19.354192815683213,-3.4800848158952147,-5.55,6.529479366362011,-0.005211773232668015,0.183,-274.2266441794549,-527.1177524663198,0.0
