ResStock Annual,ResStock Timeseries,ResStock Timeseries Unit,OCHRE
,Time,,Time
,TimeDST,,
,TimeUTC,,
Energy Use: Total (MBtu),Energy Use: Total,kBtu,
Energy Use: Net (MBtu),Energy Use: Net,kBtu,
Fuel Use: Electricity: Total (MBtu),Fuel Use: Electricity: Total,kWh,Total Electric Power (kW)
Fuel Use: Electricity: Net (MBtu),Fuel Use: Electricity: Net,kWh,
End Use: Electricity: PV (MBtu),End Use: Electricity: PV,kWh,PV Electric Power (kW)
End Use: Electricity: Heating (MBtu),End Use: Electricity: Heating,kWh,HVAC Heating Electric Power (kW)
End Use: Electricity: Heating Fans/Pumps (MBtu),End Use: Electricity: Heating Fans/Pumps,kWh,HVAC Heating Fan Power (kW)
End Use: Electricity: Heating Heat Pump Backup (MBtu),End Use: Electricity: Heating Heat Pump Backup,kWh,HVAC Heating ER Power (kW)
End Use: Electricity: Heating Heat Pump Backup Fans/Pumps (MBtu),End Use: Electricity: Heating Heat Pump Backup Fans/Pumps,kWh,
End Use: Electricity: Cooling (MBtu),End Use: Electricity: Cooling,kWh,HVAC Cooling Electric Power (kW)
End Use: Electricity: Cooling Fans/Pumps (MBtu),End Use: Electricity: Cooling Fans/Pumps,kWh,HVAC Cooling Fan Power (kW)
End Use: Electricity: Hot Water Recirc Pump (MBtu),End Use: Electricity: Hot Water Recirc Pump,kWh,
End Use: Electricity: Hot Water (MBtu),End Use: Electricity: Hot Water,kWh,Water Heating Electric Power (kW)
End Use: Electricity: Lighting Interior (MBtu),End Use: Electricity: Lighting Interior,kWh,Indoor Lighting Electric Power (kW)
End Use: Electricity: Lighting Exterior (MBtu),End Use: Electricity: Lighting Exterior,kWh,Exterior Lighting Electric Power (kW)
End Use: Electricity: Lighting Garage (MBtu),End Use: Electricity: Lighting Garage,kWh,Garage Lighting Electric Power (kW)
End Use: Electricity: Mech Vent (MBtu),End Use: Electricity: Mech Vent,kWh,Ventilation Fan Electric Power (kW)
End Use: Electricity: Refrigerator (MBtu),End Use: Electricity: Refrigerator,kWh,Refrigerator Electric Power (kW)
End Use: Electricity: Freezer (MBtu),End Use: Electricity: Freezer,kWh,Freezer Electric Power (kW)
End Use: Electricity: Dishwasher (MBtu),End Use: Electricity: Dishwasher,kWh,Dishwasher Electric Power (kW)
End Use: Electricity: Clothes Washer (MBtu),End Use: Electricity: Clothes Washer,kWh,Clothes Washer Electric Power (kW)
End Use: Electricity: Clothes Dryer (MBtu),End Use: Electricity: Clothes Dryer,kWh,Clothes Dryer Electric Power (kW)
End Use: Electricity: Range/Oven (MBtu),End Use: Electricity: Range/Oven,kWh,Cooking Range Electric Power (kW)
End Use: Electricity: Ceiling Fan (MBtu),End Use: Electricity: Ceiling Fan,kWh,Ceiling Fan Electric Power (kW)
End Use: Electricity: Television (MBtu),End Use: Electricity: Television,kWh,TV Electric Power (kW)
End Use: Electricity: Plug Loads (MBtu),End Use: Electricity: Plug Loads,kWh,MELs Electric Power (kW)
End Use: Electricity: Pool Heater (MBtu),End Use: Electricity: Pool Heater,kWh,Pool Heater Electric Power (kW)
End Use: Electricity: Pool Pump (MBtu),End Use: Electricity: Pool Pump,kWh,Pool Pump Electric Power (kW)
End Use: Electricity: Permanent Spa Heater (MBtu),End Use: Electricity: Permanent Spa Heater,kWh,Spa Heater Electric Power (kW)
End Use: Electricity: Permanent Spa Pump (MBtu),End Use: Electricity: Permanent Spa Pump,kWh,Spa Pump Electric Power (kW)
End Use: Electricity: Well Pump (MBtu),End Use: Electricity: Well Pump,kWh,Well Pump Electric Power (kW)
End Use: Electricity: Electric Vehicle Charging (MBtu),End Use: Electricity: Electric Vehicle Charging,kWh,EV Electric Power (kW)
Fuel Use: Natural Gas: Total (MBtu),Fuel Use: Natural Gas: Total,kBtu,Total Gas Power (therms/hour)
End Use: Natural Gas: Heating (MBtu),End Use: Natural Gas: Heating,kBtu,HVAC Heating Gas Power (therms/hour)
End Use: Natural Gas: Hot Water (MBtu),End Use: Natural Gas: Hot Water,kBtu,Water Heating Gas Power (therms/hour)
End Use: Natural Gas: Clothes Dryer (MBtu),End Use: Natural Gas: Clothes Dryer,kBtu,Clothes Dryer Gas Power (therms/hour)
End Use: Natural Gas: Range/Oven (MBtu),End Use: Natural Gas: Range/Oven,kBtu,Cooking Range Gas Power (therms/hour)
End Use: Natural Gas: Pool Heater (MBtu),End Use: Natural Gas: Pool Heater,kBtu,Pool Heater Gas Power (therms/hour)
End Use: Natural Gas: Permanent Spa Heater (MBtu),End Use: Natural Gas: Permanent Spa Heater,kBtu,Spa Heater Gas Power (therms/hour)
End Use: Natural Gas: Grill (MBtu),End Use: Natural Gas: Grill,kBtu,Gas Grill Gas Power (therms/hour)
End Use: Natural Gas: Fireplace (MBtu),End Use: Natural Gas: Fireplace,kBtu,Gas Fireplace Gas Power (therms/hour)
End Use: Natural Gas: Lighting (MBtu),End Use: Natural Gas: Lighting,kBtu,Gas Lighting Gas Power (therms/hour)
End Use: Natural Gas: Generator (MBtu),End Use: Natural Gas: Generator,kBtu,Gas Generator Gas Power (therms/hour)
Fuel Use: Propane: Total (MBtu),Fuel Use: Propane: Total,kBtu,
End Use: Propane: Heating (MBtu),End Use: Propane: Heating,kBtu,
End Use: Propane: Hot Water (MBtu),End Use: Propane: Hot Water,kBtu,
End Use: Propane: Clothes Dryer (MBtu),End Use: Propane: Clothes Dryer,kBtu,
End Use: Propane: Range/Oven (MBtu),End Use: Propane: Range/Oven,kBtu,
End Use: Propane: Grill (MBtu),End Use: Propane: Grill,kBtu,
End Use: Propane: Fireplace (MBtu),End Use: Propane: Fireplace,kBtu,
End Use: Propane: Lighting (MBtu),End Use: Propane: Lighting,kBtu,
End Use: Propane: Generator (MBtu),End Use: Propane: Generator,kBtu,
Fuel Use: Fuel Oil: Total (MBtu),Fuel Use: Fuel Oil: Total,kBtu,
End Use: Fuel Oil: Heating (MBtu),End Use: Fuel Oil: Heating,kBtu,
End Use: Fuel Oil: Hot Water (MBtu),End Use: Fuel Oil: Hot Water,kBtu,
End Use: Fuel Oil: Clothes Dryer (MBtu),End Use: Fuel Oil: Clothes Dryer,kBtu,
End Use: Fuel Oil: Range/Oven (MBtu),End Use: Fuel Oil: Range/Oven,kBtu,
End Use: Fuel Oil: Grill (MBtu),End Use: Fuel Oil: Grill,kBtu,
End Use: Fuel Oil: Fireplace (MBtu),End Use: Fuel Oil: Fireplace,kBtu,
End Use: Fuel Oil: Lighting (MBtu),End Use: Fuel Oil: Lighting,kBtu,
End Use: Fuel Oil: Generator (MBtu),End Use: Fuel Oil: Generator,kBtu,
Emissions: CO2e: LRMER_MidCase_15: Total (lb),Emissions: CO2e: LRMER_MidCase_15: Total,lb,
Emissions: CO2e: LRMER_MidCase_15: Net (lb),Emissions: CO2e: LRMER_MidCase_15: Net,lb,
Emissions: CO2e: LRMER_MidCase_15: Electricity: Total (lb),Emissions: CO2e: LRMER_MidCase_15: Electricity: Total,lb,
Emissions: CO2e: LRMER_MidCase_15: Electricity: Net (lb),Emissions: CO2e: LRMER_MidCase_15: Electricity: Net,lb,
Emissions: CO2e: LRMER_MidCase_15: Electricity: Heating (lb),Emissions: CO2e: LRMER_MidCase_15: Electricity: Heating,lb,
Emissions: CO2e: LRMER_MidCase_15: Electricity: Heating Fans/Pumps (lb),Emissions: CO2e: LRMER_MidCase_15: Electricity: Heating Fans/Pumps,lb,
Emissions: CO2e: LRMER_MidCase_15: Electricity: Cooling (lb),Emissions: CO2e: LRMER_MidCase_15: Electricity: Cooling,lb,
Emissions: CO2e: LRMER_MidCase_15: Electricity: Cooling Fans/Pumps (lb),Emissions: CO2e: LRMER_MidCase_15: Electricity: Cooling Fans/Pumps,lb,
Emissions: CO2e: LRMER_MidCase_15: Electricity: Hot Water (lb),Emissions: CO2e: LRMER_MidCase_15: Electricity: Hot Water,lb,
Emissions: CO2e: LRMER_MidCase_15: Electricity: Lighting Interior (lb),Emissions: CO2e: LRMER_MidCase_15: Electricity: Lighting Interior,lb,
Emissions: CO2e: LRMER_MidCase_15: Electricity: Lighting Exterior (lb),Emissions: CO2e: LRMER_MidCase_15: Electricity: Lighting Exterior,lb,
Emissions: CO2e: LRMER_MidCase_15: Electricity: Mech Vent (lb),Emissions: CO2e: LRMER_MidCase_15: Electricity: Mech Vent,lb,
Emissions: CO2e: LRMER_MidCase_15: Electricity: Refrigerator (lb),Emissions: CO2e: LRMER_MidCase_15: Electricity: Refrigerator,lb,
Emissions: CO2e: LRMER_MidCase_15: Electricity: Freezer (lb),Emissions: CO2e: LRMER_MidCase_15: Electricity: Freezer,lb,
Emissions: CO2e: LRMER_MidCase_15: Electricity: Dishwasher (lb),Emissions: CO2e: LRMER_MidCase_15: Electricity: Dishwasher,lb,
Emissions: CO2e: LRMER_MidCase_15: Electricity: Clothes Washer (lb),Emissions: CO2e: LRMER_MidCase_15: Electricity: Clothes Washer,lb,
Emissions: CO2e: LRMER_MidCase_15: Electricity: Clothes Dryer (lb),Emissions: CO2e: LRMER_MidCase_15: Electricity: Clothes Dryer,lb,
Emissions: CO2e: LRMER_MidCase_15: Electricity: Range/Oven (lb),Emissions: CO2e: LRMER_MidCase_15: Electricity: Range/Oven,lb,
Emissions: CO2e: LRMER_MidCase_15: Electricity: Ceiling Fan (lb),Emissions: CO2e: LRMER_MidCase_15: Electricity: Ceiling Fan,lb,
Emissions: CO2e: LRMER_MidCase_15: Electricity: Television (lb),Emissions: CO2e: LRMER_MidCase_15: Electricity: Television,lb,
Emissions: CO2e: LRMER_MidCase_15: Electricity: Plug Loads (lb),Emissions: CO2e: LRMER_MidCase_15: Electricity: Plug Loads,lb,
Emissions: CO2e: LRMER_MidCase_15: Electricity: Pool Heater (lb),Emissions: CO2e: LRMER_MidCase_15: Electricity: Pool Heater,lb,
Emissions: CO2e: LRMER_MidCase_15: Electricity: Pool Pump (lb),Emissions: CO2e: LRMER_MidCase_15: Electricity: Pool Pump,lb,
Emissions: CO2e: LRMER_MidCase_15: Electricity: Permanent Spa Heater (lb),Emissions: CO2e: LRMER_MidCase_15: Electricity: Permanent Spa Heater,lb,
Emissions: CO2e: LRMER_MidCase_15: Electricity: Permanent Spa Pump (lb),Emissions: CO2e: LRMER_MidCase_15: Electricity: Permanent Spa Pump,lb,
Emissions: CO2e: LRMER_MidCase_15: Electricity: Electric Vehicle Charging (lb),Emissions: CO2e: LRMER_MidCase_15: Electricity: Electric Vehicle Charging,lb,
Hot Water: Clothes Washer (gal),Hot Water: Clothes Washer,gal,
Hot Water: Dishwasher (gal),Hot Water: Dishwasher,gal,
Hot Water: Fixtures (gal),Hot Water: Fixtures,gal,
Hot Water: Distribution Waste (gal),Hot Water: Distribution Waste,gal,
Load: Heating: Delivered (MBtu),Load: Heating: Delivered,kBtu,HVAC Heating Delivered (W)
Load: Cooling: Delivered (MBtu),Load: Cooling: Delivered,kBtu,HVAC Cooling Delivered (W)
Load: Hot Water: Delivered (MBtu),Load: Hot Water: Delivered,kBtu,Water Heating Delivered (W)
Load: Hot Water: Tank Losses (MBtu),Load: Hot Water: Tank Losses,kBtu,Hot Water Heat Loss (W)
Unmet Hours: Heating (hr),Unmet Hours: Heating,hr,
Unmet Hours: Cooling (hr),Unmet Hours: Cooling,hr,
Unmet Hours: EV Driving (hr),Unmet Hours: EV Driving,hr,
,Temperature: Conditioned Space,F,Temperature - Indoor (C)
,Temperature: Heating Setpoint,F,HVAC Heating Setpoint (C)
,Temperature: Cooling Setpoint,F,HVAC Cooling Setpoint (C)
,Temperature: Garage,F,Temperature - Garage (C)
,Humidity Ratio: Conditioned Space,frac,Humidity Ratio - Indoor (-)
,Relative Humidity: Conditioned Space,%,Relative Humidity - Indoor (-)
,Dewpoint Temperature: Conditioned Space,F,
,Radiant Temperature: Conditioned Space,F,
,Operative Temperature: Conditioned Space,F,
,Airflow: Infiltration,cfm,Infiltration Flow Rate - Indoor (m^3/s)
,Airflow: Mechanical Ventilation,cfm,Forced Ventilation Flow Rate - Indoor (m^3/s)
,Airflow: Natural Ventilation,cfm,Natural Ventilation Flow Rate - Indoor (m^3/s)
,Weather: Drybulb Temperature,F,Temperature - Outdoor (C)
,Weather: Wetbulb Temperature,F,
,Weather: Relative Humidity,%,
,Weather: Wind Speed,mph,
,Weather: Diffuse Solar Radiation,Btu/(hr*ft^2),
,Weather: Direct Solar Radiation,Btu/(hr*ft^2),
Peak Electricity: Winter Total (W),,,
Peak Electricity: Summer Total (W),,,
Peak Electricity: Annual Total (W),,,
Peak Electricity: Winter Net (W),,,
Peak Electricity: Summer Net (W),,,
Peak Electricity: Annual Net (W),,,
Peak Load: Heating: Delivered (kBtu/hr),,,
Peak Load: Cooling: Delivered (kBtu/hr),,,