Time,Water Heating (L/min),Zone Temperature (C),Mains Temperature (C)
1/1/2018 0:00,6.435200033,20,7
1/1/2018 0:01,6.435200033,20,7
1/1/2018 0:02,6.435200033,20,7
1/1/2018 0:03,6.435200033,20,7
1/1/2018 0:04,6.435200033,20,7
1/1/2018 0:05,6.435200033,20,7
1/1/2018 0:06,6.435200033,20,7
1/1/2018 0:07,6.435200033,20,7
1/1/2018 0:08,5.299576498,20,7
1/1/2018 0:09,0,20,7
1/1/2018 0:10,0,20,7
1/1/2018 0:11,0,20,7
1/1/2018 0:12,0,20,7
1/1/2018 0:13,0,20,7
1/1/2018 0:14,0,20,7
1/1/2018 0:15,0,20,7
1/1/2018 0:16,0,20,7
1/1/2018 0:17,0,20,7
1/1/2018 0:18,0,20,7
1/1/2018 0:19,0,20,7
1/1/2018 0:20,0,20,7
1/1/2018 0:21,0,20,7
1/1/2018 0:22,0,20,7
1/1/2018 0:23,0,20,7
1/1/2018 0:24,0,20,7
1/1/2018 0:25,0,20,7
1/1/2018 0:26,0,20,7
1/1/2018 0:27,0,20,7
1/1/2018 0:28,0,20,7
1/1/2018 0:29,0,20,7
1/1/2018 0:30,3.785411784,20,7
1/1/2018 0:31,3.785411784,20,7
1/1/2018 0:32,0,20,7
1/1/2018 0:33,0,20,7
1/1/2018 0:34,0,20,7
1/1/2018 0:35,0,20,7
1/1/2018 0:36,0,20,7
1/1/2018 0:37,0,20,7
1/1/2018 0:38,0,20,7
1/1/2018 0:39,0,20,7
1/1/2018 0:40,0,20,7
1/1/2018 0:41,0,20,7
1/1/2018 0:42,0,20,7
1/1/2018 0:43,0,20,7
1/1/2018 0:44,0,20,7
1/1/2018 0:45,0,20,7
1/1/2018 0:46,0,20,7
1/1/2018 0:47,0,20,7
1/1/2018 0:48,0,20,7
1/1/2018 0:49,0,20,7
1/1/2018 0:50,0,20,7
1/1/2018 0:51,0,20,7
1/1/2018 0:52,0,20,7
1/1/2018 0:53,0,20,7
1/1/2018 0:54,0,20,7
1/1/2018 0:55,0,20,7
1/1/2018 0:56,0,20,7
1/1/2018 0:57,0,20,7
1/1/2018 0:58,0,20,7
1/1/2018 0:59,0,20,7
1/1/2018 1:00,0,20,7
1/1/2018 1:01,0,20,7
1/1/2018 1:02,0,20,7
1/1/2018 1:03,0,20,7
1/1/2018 1:04,0,20,7
1/1/2018 1:05,0,20,7
1/1/2018 1:06,0,20,7
1/1/2018 1:07,0,20,7
1/1/2018 1:08,0,20,7
1/1/2018 1:09,0,20,7
1/1/2018 1:10,0,20,7
1/1/2018 1:11,0,20,7
1/1/2018 1:12,0,20,7
1/1/2018 1:13,0,20,7
1/1/2018 1:14,0,20,7
1/1/2018 1:15,0,20,7
1/1/2018 1:16,0,20,7
1/1/2018 1:17,0,20,7
1/1/2018 1:18,0,20,7
1/1/2018 1:19,0,20,7
1/1/2018 1:20,0,20,7
1/1/2018 1:21,0,20,7
1/1/2018 1:22,0,20,7
1/1/2018 1:23,0,20,7
1/1/2018 1:24,0,20,7
1/1/2018 1:25,0,20,7
1/1/2018 1:26,0,20,7
1/1/2018 1:27,0,20,7
1/1/2018 1:28,0,20,7
1/1/2018 1:29,0,20,7
1/1/2018 1:30,0,20,7
1/1/2018 1:31,0,20,7
1/1/2018 1:32,0,20,7
1/1/2018 1:33,0,20,7
1/1/2018 1:34,0,20,7
1/1/2018 1:35,0,20,7
1/1/2018 1:36,0,20,7
1/1/2018 1:37,0,20,7
1/1/2018 1:38,0,20,7
1/1/2018 1:39,0,20,7
1/1/2018 1:40,0,20,7
1/1/2018 1:41,0,20,7
1/1/2018 1:42,0,20,7
1/1/2018 1:43,6.435200033,20,7
1/1/2018 1:44,6.435200033,20,7
1/1/2018 1:45,6.435200033,20,7
1/1/2018 1:46,6.435200033,20,7
1/1/2018 1:47,6.435200033,20,7
1/1/2018 1:48,1.892705892,20,7
1/1/2018 1:49,0,20,7
1/1/2018 1:50,0,20,7
1/1/2018 1:51,0,20,7
1/1/2018 1:52,0,20,7
1/1/2018 1:53,0,20,7
1/1/2018 1:54,0,20,7
1/1/2018 1:55,0,20,7
1/1/2018 1:56,0,20,7
1/1/2018 1:57,0,20,7
1/1/2018 1:58,0,20,7
1/1/2018 1:59,0,20,7
1/1/2018 2:00,0,20,7
1/1/2018 2:01,0,20,7
1/1/2018 2:02,0,20,7
1/1/2018 2:03,0,20,7
1/1/2018 2:04,0,20,7
1/1/2018 2:05,0,20,7
1/1/2018 2:06,0,20,7
1/1/2018 2:07,0,20,7
1/1/2018 2:08,0,20,7
1/1/2018 2:09,0,20,7
1/1/2018 2:10,0,20,7
1/1/2018 2:11,0,20,7
1/1/2018 2:12,0,20,7
1/1/2018 2:13,0,20,7
1/1/2018 2:14,0,20,7
1/1/2018 2:15,0,20,7
1/1/2018 2:16,0,20,7
1/1/2018 2:17,0,20,7
1/1/2018 2:18,0,20,7
1/1/2018 2:19,0,20,7
1/1/2018 2:20,0,20,7
1/1/2018 2:21,0,20,7
1/1/2018 2:22,0,20,7
1/1/2018 2:23,0,20,7
1/1/2018 2:24,0,20,7
1/1/2018 2:25,0,20,7
1/1/2018 2:26,0,20,7
1/1/2018 2:27,0,20,7
1/1/2018 2:28,0,20,7
1/1/2018 2:29,0,20,7
1/1/2018 2:30,0,20,7
1/1/2018 2:31,0,20,7
1/1/2018 2:32,0,20,7
1/1/2018 2:33,0,20,7
1/1/2018 2:34,0,20,7
1/1/2018 2:35,0,20,7
1/1/2018 2:36,0,20,7
1/1/2018 2:37,0,20,7
1/1/2018 2:38,0,20,7
1/1/2018 2:39,0,20,7
1/1/2018 2:40,0,20,7
1/1/2018 2:41,0,20,7
1/1/2018 2:42,0,20,7
1/1/2018 2:43,0,20,7
1/1/2018 2:44,0,20,7
1/1/2018 2:45,0,20,7
1/1/2018 2:46,0,20,7
1/1/2018 2:47,0,20,7
1/1/2018 2:48,0,20,7
1/1/2018 2:49,0,20,7
1/1/2018 2:50,0,20,7
1/1/2018 2:51,0,20,7
1/1/2018 2:52,0,20,7
1/1/2018 2:53,0,20,7
1/1/2018 2:54,0,20,7
1/1/2018 2:55,0,20,7
1/1/2018 2:56,0,20,7
1/1/2018 2:57,0,20,7
1/1/2018 2:58,0,20,7
1/1/2018 2:59,0,20,7
1/1/2018 3:00,0,20,7
1/1/2018 3:01,0,20,7
1/1/2018 3:02,0,20,7
1/1/2018 3:03,0,20,7
1/1/2018 3:04,0,20,7
1/1/2018 3:05,0,20,7
1/1/2018 3:06,0,20,7
1/1/2018 3:07,0,20,7
1/1/2018 3:08,0,20,7
1/1/2018 3:09,0,20,7
1/1/2018 3:10,0,20,7
1/1/2018 3:11,0,20,7
1/1/2018 3:12,0,20,7
1/1/2018 3:13,0,20,7
1/1/2018 3:14,0,20,7
1/1/2018 3:15,0,20,7
1/1/2018 3:16,0,20,7
1/1/2018 3:17,0,20,7
1/1/2018 3:18,0,20,7
1/1/2018 3:19,0,20,7
1/1/2018 3:20,0,20,7
1/1/2018 3:21,0,20,7
1/1/2018 3:22,0,20,7
1/1/2018 3:23,0,20,7
1/1/2018 3:24,0,20,7
1/1/2018 3:25,0,20,7
1/1/2018 3:26,0,20,7
1/1/2018 3:27,0,20,7
1/1/2018 3:28,0,20,7
1/1/2018 3:29,0,20,7
1/1/2018 3:30,0,20,7
1/1/2018 3:31,0,20,7
1/1/2018 3:32,0,20,7
1/1/2018 3:33,0,20,7
1/1/2018 3:34,0,20,7
1/1/2018 3:35,0,20,7
1/1/2018 3:36,0,20,7
1/1/2018 3:37,0,20,7
1/1/2018 3:38,0,20,7
1/1/2018 3:39,0,20,7
1/1/2018 3:40,0,20,7
1/1/2018 3:41,0,20,7
1/1/2018 3:42,0,20,7
1/1/2018 3:43,0,20,7
1/1/2018 3:44,0,20,7
1/1/2018 3:45,0,20,7
1/1/2018 3:46,0,20,7
1/1/2018 3:47,0,20,7
1/1/2018 3:48,0,20,7
1/1/2018 3:49,0,20,7
1/1/2018 3:50,0,20,7
1/1/2018 3:51,0,20,7
1/1/2018 3:52,0,20,7
1/1/2018 3:53,0,20,7
1/1/2018 3:54,0,20,7
1/1/2018 3:55,0,20,7
1/1/2018 3:56,0,20,7
1/1/2018 3:57,0,20,7
1/1/2018 3:58,0,20,7
1/1/2018 3:59,0,20,7
1/1/2018 4:00,0,20,7
1/1/2018 4:01,0,20,7
1/1/2018 4:02,0,20,7
1/1/2018 4:03,0,20,7
1/1/2018 4:04,0,20,7
1/1/2018 4:05,0,20,7
1/1/2018 4:06,0,20,7
1/1/2018 4:07,0,20,7
1/1/2018 4:08,0,20,7
1/1/2018 4:09,0,20,7
1/1/2018 4:10,0,20,7
1/1/2018 4:11,0,20,7
1/1/2018 4:12,0,20,7
1/1/2018 4:13,0,20,7
1/1/2018 4:14,0,20,7
1/1/2018 4:15,0,20,7
1/1/2018 4:16,0,20,7
1/1/2018 4:17,0,20,7
1/1/2018 4:18,0,20,7
1/1/2018 4:19,0,20,7
1/1/2018 4:20,0,20,7
1/1/2018 4:21,0,20,7
1/1/2018 4:22,0,20,7
1/1/2018 4:23,0,20,7
1/1/2018 4:24,0,20,7
1/1/2018 4:25,0,20,7
1/1/2018 4:26,0,20,7
1/1/2018 4:27,0,20,7
1/1/2018 4:28,0,20,7
1/1/2018 4:29,0,20,7
1/1/2018 4:30,0,20,7
1/1/2018 4:31,0,20,7
1/1/2018 4:32,0,20,7
1/1/2018 4:33,0,20,7
1/1/2018 4:34,0,20,7
1/1/2018 4:35,0,20,7
1/1/2018 4:36,0,20,7
1/1/2018 4:37,0,20,7
1/1/2018 4:38,0,20,7
1/1/2018 4:39,0,20,7
1/1/2018 4:40,0,20,7
1/1/2018 4:41,0,20,7
1/1/2018 4:42,0,20,7
1/1/2018 4:43,0,20,7
1/1/2018 4:44,0,20,7
1/1/2018 4:45,0,20,7
1/1/2018 4:46,0,20,7
1/1/2018 4:47,0,20,7
1/1/2018 4:48,0,20,7
1/1/2018 4:49,0,20,7
1/1/2018 4:50,0,20,7
1/1/2018 4:51,0,20,7
1/1/2018 4:52,0,20,7
1/1/2018 4:53,0,20,7
1/1/2018 4:54,0,20,7
1/1/2018 4:55,0,20,7
1/1/2018 4:56,0,20,7
1/1/2018 4:57,0,20,7
1/1/2018 4:58,0,20,7
1/1/2018 4:59,0,20,7
1/1/2018 5:00,0,20,7
1/1/2018 5:01,0,20,7
1/1/2018 5:02,0,20,7
1/1/2018 5:03,0,20,7
1/1/2018 5:04,0,20,7
1/1/2018 5:05,0,20,7
1/1/2018 5:06,0,20,7
1/1/2018 5:07,0,20,7
1/1/2018 5:08,0,20,7
1/1/2018 5:09,0,20,7
1/1/2018 5:10,0,20,7
1/1/2018 5:11,0,20,7
1/1/2018 5:12,0,20,7
1/1/2018 5:13,0,20,7
1/1/2018 5:14,0,20,7
1/1/2018 5:15,0,20,7
1/1/2018 5:16,0,20,7
1/1/2018 5:17,0,20,7
1/1/2018 5:18,0,20,7
1/1/2018 5:19,0,20,7
1/1/2018 5:20,0,20,7
1/1/2018 5:21,0,20,7
1/1/2018 5:22,0,20,7
1/1/2018 5:23,0,20,7
1/1/2018 5:24,0,20,7
1/1/2018 5:25,0,20,7
1/1/2018 5:26,0,20,7
1/1/2018 5:27,0,20,7
1/1/2018 5:28,0,20,7
1/1/2018 5:29,0,20,7
1/1/2018 5:30,0,20,7
1/1/2018 5:31,0,20,7
1/1/2018 5:32,0,20,7
1/1/2018 5:33,0,20,7
1/1/2018 5:34,0,20,7
1/1/2018 5:35,0,20,7
1/1/2018 5:36,0,20,7
1/1/2018 5:37,0,20,7
1/1/2018 5:38,0,20,7
1/1/2018 5:39,0,20,7
1/1/2018 5:40,0,20,7
1/1/2018 5:41,0,20,7
1/1/2018 5:42,0,20,7
1/1/2018 5:43,0,20,7
1/1/2018 5:44,0,20,7
1/1/2018 5:45,0,20,7
1/1/2018 5:46,0,20,7
1/1/2018 5:47,0,20,7
1/1/2018 5:48,0,20,7
1/1/2018 5:49,0,20,7
1/1/2018 5:50,0,20,7
1/1/2018 5:51,0,20,7
1/1/2018 5:52,0,20,7
1/1/2018 5:53,0,20,7
1/1/2018 5:54,0,20,7
1/1/2018 5:55,0,20,7
1/1/2018 5:56,0,20,7
1/1/2018 5:57,0,20,7
1/1/2018 5:58,0,20,7
1/1/2018 5:59,0,20,7
1/1/2018 6:00,0,20,7
1/1/2018 6:01,0,20,7
1/1/2018 6:02,0,20,7
1/1/2018 6:03,0,20,7
1/1/2018 6:04,0,20,7
1/1/2018 6:05,0,20,7
1/1/2018 6:06,0,20,7
1/1/2018 6:07,0,20,7
1/1/2018 6:08,0,20,7
1/1/2018 6:09,0,20,7
1/1/2018 6:10,0,20,7
1/1/2018 6:11,0,20,7
1/1/2018 6:12,0,20,7
1/1/2018 6:13,0,20,7
1/1/2018 6:14,0,20,7
1/1/2018 6:15,0,20,7
1/1/2018 6:16,0,20,7
1/1/2018 6:17,0,20,7
1/1/2018 6:18,0,20,7
1/1/2018 6:19,0,20,7
1/1/2018 6:20,0,20,7
1/1/2018 6:21,0,20,7
1/1/2018 6:22,0,20,7
1/1/2018 6:23,0,20,7
1/1/2018 6:24,0,20,7
1/1/2018 6:25,0,20,7
1/1/2018 6:26,0,20,7
1/1/2018 6:27,0,20,7
1/1/2018 6:28,0,20,7
1/1/2018 6:29,0,20,7
1/1/2018 6:30,0,20,7
1/1/2018 6:31,0,20,7
1/1/2018 6:32,0,20,7
1/1/2018 6:33,0,20,7
1/1/2018 6:34,0,20,7
1/1/2018 6:35,0,20,7
1/1/2018 6:36,0,20,7
1/1/2018 6:37,0,20,7
1/1/2018 6:38,0,20,7
1/1/2018 6:39,0,20,7
1/1/2018 6:40,0,20,7
1/1/2018 6:41,0,20,7
1/1/2018 6:42,0,20,7
1/1/2018 6:43,0,20,7
1/1/2018 6:44,0,20,7
1/1/2018 6:45,0,20,7
1/1/2018 6:46,0,20,7
1/1/2018 6:47,0,20,7
1/1/2018 6:48,0,20,7
1/1/2018 6:49,0,20,7
1/1/2018 6:50,0,20,7
1/1/2018 6:51,0,20,7
1/1/2018 6:52,0,20,7
1/1/2018 6:53,0,20,7
1/1/2018 6:54,0,20,7
1/1/2018 6:55,0,20,7
1/1/2018 6:56,0,20,7
1/1/2018 6:57,0,20,7
1/1/2018 6:58,0,20,7
1/1/2018 6:59,0,20,7
1/1/2018 7:00,0,20,7
1/1/2018 7:01,0,20,7
1/1/2018 7:02,0,20,7
1/1/2018 7:03,0,20,7
1/1/2018 7:04,0,20,7
1/1/2018 7:05,0,20,7
1/1/2018 7:06,0,20,7
1/1/2018 7:07,0,20,7
1/1/2018 7:08,0,20,7
1/1/2018 7:09,0,20,7
1/1/2018 7:10,0,20,7
1/1/2018 7:11,0,20,7
1/1/2018 7:12,0,20,7
1/1/2018 7:13,0,20,7
1/1/2018 7:14,0,20,7
1/1/2018 7:15,0,20,7
1/1/2018 7:16,0,20,7
1/1/2018 7:17,0,20,7
1/1/2018 7:18,0,20,7
1/1/2018 7:19,0,20,7
1/1/2018 7:20,0,20,7
1/1/2018 7:21,0,20,7
1/1/2018 7:22,0,20,7
1/1/2018 7:23,0,20,7
1/1/2018 7:24,0,20,7
1/1/2018 7:25,0,20,7
1/1/2018 7:26,0,20,7
1/1/2018 7:27,0,20,7
1/1/2018 7:28,0,20,7
1/1/2018 7:29,0,20,7
1/1/2018 7:30,0,20,7
1/1/2018 7:31,0,20,7
1/1/2018 7:32,0,20,7
1/1/2018 7:33,0,20,7
1/1/2018 7:34,0,20,7
1/1/2018 7:35,0,20,7
1/1/2018 7:36,0,20,7
1/1/2018 7:37,0,20,7
1/1/2018 7:38,0,20,7
1/1/2018 7:39,0,20,7
1/1/2018 7:40,0,20,7
1/1/2018 7:41,0,20,7
1/1/2018 7:42,0,20,7
1/1/2018 7:43,0,20,7
1/1/2018 7:44,0,20,7
1/1/2018 7:45,0,20,7
1/1/2018 7:46,0,20,7
1/1/2018 7:47,0,20,7
1/1/2018 7:48,0,20,7
1/1/2018 7:49,0,20,7
1/1/2018 7:50,0,20,7
1/1/2018 7:51,0,20,7
1/1/2018 7:52,0,20,7
1/1/2018 7:53,0,20,7
1/1/2018 7:54,0,20,7
1/1/2018 7:55,0,20,7
1/1/2018 7:56,0,20,7
1/1/2018 7:57,0,20,7
1/1/2018 7:58,0,20,7
1/1/2018 7:59,0,20,7
1/1/2018 8:00,0,20,7
1/1/2018 8:01,0,20,7
1/1/2018 8:02,0,20,7
1/1/2018 8:03,0,20,7
1/1/2018 8:04,0,20,7
1/1/2018 8:05,0,20,7
1/1/2018 8:06,0,20,7
1/1/2018 8:07,0,20,7
1/1/2018 8:08,0,20,7
1/1/2018 8:09,0,20,7
1/1/2018 8:10,0,20,7
1/1/2018 8:11,0,20,7
1/1/2018 8:12,0,20,7
1/1/2018 8:13,0,20,7
1/1/2018 8:14,0,20,7
1/1/2018 8:15,0,20,7
1/1/2018 8:16,0,20,7
1/1/2018 8:17,0,20,7
1/1/2018 8:18,0,20,7
1/1/2018 8:19,0,20,7
1/1/2018 8:20,0,20,7
1/1/2018 8:21,0,20,7
1/1/2018 8:22,0,20,7
1/1/2018 8:23,0,20,7
1/1/2018 8:24,0,20,7
1/1/2018 8:25,0,20,7
1/1/2018 8:26,0,20,7
1/1/2018 8:27,0,20,7
1/1/2018 8:28,0,20,7
1/1/2018 8:29,0,20,7
1/1/2018 8:30,0,20,7
1/1/2018 8:31,0,20,7
1/1/2018 8:32,0,20,7
1/1/2018 8:33,0,20,7
1/1/2018 8:34,0,20,7
1/1/2018 8:35,0,20,7
1/1/2018 8:36,0,20,7
1/1/2018 8:37,0,20,7
1/1/2018 8:38,0,20,7
1/1/2018 8:39,0,20,7
1/1/2018 8:40,0,20,7
1/1/2018 8:41,0,20,7
1/1/2018 8:42,0,20,7
1/1/2018 8:43,0,20,7
1/1/2018 8:44,0,20,7
1/1/2018 8:45,0,20,7
1/1/2018 8:46,0,20,7
1/1/2018 8:47,0,20,7
1/1/2018 8:48,0,20,7
1/1/2018 8:49,0,20,7
1/1/2018 8:50,0,20,7
1/1/2018 8:51,0,20,7
1/1/2018 8:52,0,20,7
1/1/2018 8:53,0,20,7
1/1/2018 8:54,0,20,7
1/1/2018 8:55,0,20,7
1/1/2018 8:56,0,20,7
1/1/2018 8:57,0,20,7
1/1/2018 8:58,0,20,7
1/1/2018 8:59,0,20,7
1/1/2018 9:00,0,20,7
1/1/2018 9:01,0,20,7
1/1/2018 9:02,0,20,7
1/1/2018 9:03,0,20,7
1/1/2018 9:04,0,20,7
1/1/2018 9:05,0,20,7
1/1/2018 9:06,0,20,7
1/1/2018 9:07,0,20,7
1/1/2018 9:08,0,20,7
1/1/2018 9:09,0,20,7
1/1/2018 9:10,0,20,7
1/1/2018 9:11,0,20,7
1/1/2018 9:12,0,20,7
1/1/2018 9:13,0,20,7
1/1/2018 9:14,0,20,7
1/1/2018 9:15,0,20,7
1/1/2018 9:16,0,20,7
1/1/2018 9:17,0,20,7
1/1/2018 9:18,0,20,7
1/1/2018 9:19,0,20,7
1/1/2018 9:20,0,20,7
1/1/2018 9:21,0,20,7
1/1/2018 9:22,0,20,7
1/1/2018 9:23,0,20,7
1/1/2018 9:24,0,20,7
1/1/2018 9:25,0,20,7
1/1/2018 9:26,0,20,7
1/1/2018 9:27,0,20,7
1/1/2018 9:28,0,20,7
1/1/2018 9:29,0,20,7
1/1/2018 9:30,0,20,7
1/1/2018 9:31,0,20,7
1/1/2018 9:32,0,20,7
1/1/2018 9:33,0,20,7
1/1/2018 9:34,0,20,7
1/1/2018 9:35,0,20,7
1/1/2018 9:36,0,20,7
1/1/2018 9:37,0,20,7
1/1/2018 9:38,0,20,7
1/1/2018 9:39,0,20,7
1/1/2018 9:40,0,20,7
1/1/2018 9:41,0,20,7
1/1/2018 9:42,0,20,7
1/1/2018 9:43,0,20,7
1/1/2018 9:44,0,20,7
1/1/2018 9:45,0,20,7
1/1/2018 9:46,0,20,7
1/1/2018 9:47,0,20,7
1/1/2018 9:48,0,20,7
1/1/2018 9:49,0,20,7
1/1/2018 9:50,0,20,7
1/1/2018 9:51,0,20,7
1/1/2018 9:52,0,20,7
1/1/2018 9:53,0,20,7
1/1/2018 9:54,0,20,7
1/1/2018 9:55,0,20,7
1/1/2018 9:56,0,20,7
1/1/2018 9:57,0,20,7
1/1/2018 9:58,0,20,7
1/1/2018 9:59,0,20,7
1/1/2018 10:00,0,20,7
1/1/2018 10:01,0,20,7
1/1/2018 10:02,0,20,7
1/1/2018 10:03,0,20,7
1/1/2018 10:04,0,20,7
1/1/2018 10:05,0,20,7
1/1/2018 10:06,0,20,7
1/1/2018 10:07,0,20,7
1/1/2018 10:08,0,20,7
1/1/2018 10:09,0,20,7
1/1/2018 10:10,0,20,7
1/1/2018 10:11,0,20,7
1/1/2018 10:12,0,20,7
1/1/2018 10:13,0,20,7
1/1/2018 10:14,0,20,7
1/1/2018 10:15,0,20,7
1/1/2018 10:16,0,20,7
1/1/2018 10:17,0,20,7
1/1/2018 10:18,0,20,7
1/1/2018 10:19,0,20,7
1/1/2018 10:20,0,20,7
1/1/2018 10:21,0,20,7
1/1/2018 10:22,0,20,7
1/1/2018 10:23,0,20,7
1/1/2018 10:24,0,20,7
1/1/2018 10:25,0,20,7
1/1/2018 10:26,0,20,7
1/1/2018 10:27,0,20,7
1/1/2018 10:28,0,20,7
1/1/2018 10:29,0,20,7
1/1/2018 10:30,0,20,7
1/1/2018 10:31,0,20,7
1/1/2018 10:32,0,20,7
1/1/2018 10:33,6.435200033,20,7
1/1/2018 10:34,6.435200033,20,7
1/1/2018 10:35,6.435200033,20,7
1/1/2018 10:36,6.435200033,20,7
1/1/2018 10:37,6.435200033,20,7
1/1/2018 10:38,1.892705892,20,7
1/1/2018 10:39,0,20,7
1/1/2018 10:40,0,20,7
1/1/2018 10:41,0,20,7
1/1/2018 10:42,0,20,7
1/1/2018 10:43,0,20,7
1/1/2018 10:44,0,20,7
1/1/2018 10:45,0,20,7
1/1/2018 10:46,0,20,7
1/1/2018 10:47,0,20,7
1/1/2018 10:48,0,20,7
1/1/2018 10:49,0,20,7
1/1/2018 10:50,0,20,7
1/1/2018 10:51,0,20,7
1/1/2018 10:52,0,20,7
1/1/2018 10:53,0,20,7
1/1/2018 10:54,0,20,7
1/1/2018 10:55,0,20,7
1/1/2018 10:56,0,20,7
1/1/2018 10:57,0,20,7
1/1/2018 10:58,0,20,7
1/1/2018 10:59,0,20,7
1/1/2018 11:00,0,20,7
1/1/2018 11:01,0,20,7
1/1/2018 11:02,0,20,7
1/1/2018 11:03,0,20,7
1/1/2018 11:04,0,20,7
1/1/2018 11:05,0,20,7
1/1/2018 11:06,0,20,7
1/1/2018 11:07,0,20,7
1/1/2018 11:08,0,20,7
1/1/2018 11:09,0,20,7
1/1/2018 11:10,0,20,7
1/1/2018 11:11,0,20,7
1/1/2018 11:12,0,20,7
1/1/2018 11:13,0,20,7
1/1/2018 11:14,0,20,7
1/1/2018 11:15,0,20,7
1/1/2018 11:16,0,20,7
1/1/2018 11:17,0,20,7
1/1/2018 11:18,0,20,7
1/1/2018 11:19,0,20,7
1/1/2018 11:20,0,20,7
1/1/2018 11:21,0,20,7
1/1/2018 11:22,0,20,7
1/1/2018 11:23,0,20,7
1/1/2018 11:24,0,20,7
1/1/2018 11:25,0,20,7
1/1/2018 11:26,0,20,7
1/1/2018 11:27,0,20,7
1/1/2018 11:28,0,20,7
1/1/2018 11:29,0,20,7
1/1/2018 11:30,0,20,7
1/1/2018 11:31,0,20,7
1/1/2018 11:32,0,20,7
1/1/2018 11:33,6.435200033,20,7
1/1/2018 11:34,6.435200033,20,7
1/1/2018 11:35,6.056658854,20,7
1/1/2018 11:36,0,20,7
1/1/2018 11:37,0,20,7
1/1/2018 11:38,0,20,7
1/1/2018 11:39,0,20,7
1/1/2018 11:40,0,20,7
1/1/2018 11:41,0,20,7
1/1/2018 11:42,0,20,7
1/1/2018 11:43,0,20,7
1/1/2018 11:44,0,20,7
1/1/2018 11:45,0,20,7
1/1/2018 11:46,0,20,7
1/1/2018 11:47,0,20,7
1/1/2018 11:48,0,20,7
1/1/2018 11:49,0,20,7
1/1/2018 11:50,0,20,7
1/1/2018 11:51,0,20,7
1/1/2018 11:52,0,20,7
1/1/2018 11:53,0,20,7
1/1/2018 11:54,0,20,7
1/1/2018 11:55,0,20,7
1/1/2018 11:56,0,20,7
1/1/2018 11:57,0,20,7
1/1/2018 11:58,0,20,7
1/1/2018 11:59,0,20,7
1/1/2018 12:00,0,20,7
1/1/2018 12:01,0,20,7
1/1/2018 12:02,0,20,7
1/1/2018 12:03,3.785411784,20,7
1/1/2018 12:04,0,20,7
1/1/2018 12:05,0,20,7
1/1/2018 12:06,0,20,7
1/1/2018 12:07,0,20,7
1/1/2018 12:08,0,20,7
1/1/2018 12:09,0,20,7
1/1/2018 12:10,0,20,7
1/1/2018 12:11,0,20,7
1/1/2018 12:12,0,20,7
1/1/2018 12:13,0,20,7
1/1/2018 12:14,0,20,7
1/1/2018 12:15,0,20,7
1/1/2018 12:16,0,20,7
1/1/2018 12:17,0,20,7
1/1/2018 12:18,0,20,7
1/1/2018 12:19,0,20,7
1/1/2018 12:20,0,20,7
1/1/2018 12:21,0,20,7
1/1/2018 12:22,0,20,7
1/1/2018 12:23,0,20,7
1/1/2018 12:24,0,20,7
1/1/2018 12:25,0,20,7
1/1/2018 12:26,0,20,7
1/1/2018 12:27,0,20,7
1/1/2018 12:28,0,20,7
1/1/2018 12:29,0,20,7
1/1/2018 12:30,0,20,7
1/1/2018 12:31,0,20,7
1/1/2018 12:32,0,20,7
1/1/2018 12:33,0,20,7
1/1/2018 12:34,0,20,7
1/1/2018 12:35,0,20,7
1/1/2018 12:36,0,20,7
1/1/2018 12:37,0,20,7
1/1/2018 12:38,0,20,7
1/1/2018 12:39,0,20,7
1/1/2018 12:40,0,20,7
1/1/2018 12:41,0,20,7
1/1/2018 12:42,0,20,7
1/1/2018 12:43,0,20,7
1/1/2018 12:44,0,20,7
1/1/2018 12:45,0,20,7
1/1/2018 12:46,0,20,7
1/1/2018 12:47,0,20,7
1/1/2018 12:48,3.785411784,20,7
1/1/2018 12:49,0,20,7
1/1/2018 12:50,0,20,7
1/1/2018 12:51,0,20,7
1/1/2018 12:52,0,20,7
1/1/2018 12:53,3.785411784,20,7
1/1/2018 12:54,0,20,7
1/1/2018 12:55,0,20,7
1/1/2018 12:56,0,20,7
1/1/2018 12:57,0,20,7
1/1/2018 12:58,0,20,7
1/1/2018 12:59,0,20,7
1/1/2018 13:00,0,20,7
1/1/2018 13:01,0,20,7
1/1/2018 13:02,0,20,7
1/1/2018 13:03,0,20,7
1/1/2018 13:04,0,20,7
1/1/2018 13:05,0,20,7
1/1/2018 13:06,0,20,7
1/1/2018 13:07,0,20,7
1/1/2018 13:08,0,20,7
1/1/2018 13:09,0,20,7
1/1/2018 13:10,0,20,7
1/1/2018 13:11,0,20,7
1/1/2018 13:12,0,20,7
1/1/2018 13:13,0,20,7
1/1/2018 13:14,0,20,7
1/1/2018 13:15,0,20,7
1/1/2018 13:16,0,20,7
1/1/2018 13:17,0,20,7
1/1/2018 13:18,0,20,7
1/1/2018 13:19,0,20,7
1/1/2018 13:20,0,20,7
1/1/2018 13:21,0,20,7
1/1/2018 13:22,0,20,7
1/1/2018 13:23,0,20,7
1/1/2018 13:24,0,20,7
1/1/2018 13:25,0,20,7
1/1/2018 13:26,0,20,7
1/1/2018 13:27,0,20,7
1/1/2018 13:28,0,20,7
1/1/2018 13:29,0,20,7
1/1/2018 13:30,0,20,7
1/1/2018 13:31,0,20,7
1/1/2018 13:32,0,20,7
1/1/2018 13:33,0,20,7
1/1/2018 13:34,0,20,7
1/1/2018 13:35,0,20,7
1/1/2018 13:36,0,20,7
1/1/2018 13:37,0,20,7
1/1/2018 13:38,0,20,7
1/1/2018 13:39,0,20,7
1/1/2018 13:40,0,20,7
1/1/2018 13:41,0,20,7
1/1/2018 13:42,0,20,7
1/1/2018 13:43,0,20,7
1/1/2018 13:44,0,20,7
1/1/2018 13:45,0,20,7
1/1/2018 13:46,0,20,7
1/1/2018 13:47,0,20,7
1/1/2018 13:48,0,20,7
1/1/2018 13:49,0,20,7
1/1/2018 13:50,0,20,7
1/1/2018 13:51,0,20,7
1/1/2018 13:52,0,20,7
1/1/2018 13:53,0,20,7
1/1/2018 13:54,0,20,7
1/1/2018 13:55,0,20,7
1/1/2018 13:56,0,20,7
1/1/2018 13:57,0,20,7
1/1/2018 13:58,0,20,7
1/1/2018 13:59,0,20,7
1/1/2018 14:00,0,20,7
1/1/2018 14:01,0,20,7
1/1/2018 14:02,0,20,7
1/1/2018 14:03,0,20,7
1/1/2018 14:04,0,20,7
1/1/2018 14:05,0,20,7
1/1/2018 14:06,0,20,7
1/1/2018 14:07,0,20,7
1/1/2018 14:08,0,20,7
1/1/2018 14:09,0,20,7
1/1/2018 14:10,0,20,7
1/1/2018 14:11,0,20,7
1/1/2018 14:12,0,20,7
1/1/2018 14:13,0,20,7
1/1/2018 14:14,0,20,7
1/1/2018 14:15,0,20,7
1/1/2018 14:16,0,20,7
1/1/2018 14:17,0,20,7
1/1/2018 14:18,0,20,7
1/1/2018 14:19,0,20,7
1/1/2018 14:20,0,20,7
1/1/2018 14:21,0,20,7
1/1/2018 14:22,0,20,7
1/1/2018 14:23,0,20,7
1/1/2018 14:24,0,20,7
1/1/2018 14:25,0,20,7
1/1/2018 14:26,0,20,7
1/1/2018 14:27,0,20,7
1/1/2018 14:28,0,20,7
1/1/2018 14:29,0,20,7
1/1/2018 14:30,0,20,7
1/1/2018 14:31,0,20,7
1/1/2018 14:32,0,20,7
1/1/2018 14:33,0,20,7
1/1/2018 14:34,0,20,7
1/1/2018 14:35,0,20,7
1/1/2018 14:36,0,20,7
1/1/2018 14:37,0,20,7
1/1/2018 14:38,0,20,7
1/1/2018 14:39,0,20,7
1/1/2018 14:40,0,20,7
1/1/2018 14:41,0,20,7
1/1/2018 14:42,0,20,7
1/1/2018 14:43,0,20,7
1/1/2018 14:44,0,20,7
1/1/2018 14:45,0,20,7
1/1/2018 14:46,0,20,7
1/1/2018 14:47,0,20,7
1/1/2018 14:48,0,20,7
1/1/2018 14:49,0,20,7
1/1/2018 14:50,0,20,7
1/1/2018 14:51,0,20,7
1/1/2018 14:52,0,20,7
1/1/2018 14:53,0,20,7
1/1/2018 14:54,0,20,7
1/1/2018 14:55,0,20,7
1/1/2018 14:56,0,20,7
1/1/2018 14:57,0,20,7
1/1/2018 14:58,0,20,7
1/1/2018 14:59,0,20,7
1/1/2018 15:00,0,20,7
1/1/2018 15:01,0,20,7
1/1/2018 15:02,0,20,7
1/1/2018 15:03,0,20,7
1/1/2018 15:04,0,20,7
1/1/2018 15:05,0,20,7
1/1/2018 15:06,0,20,7
1/1/2018 15:07,0,20,7
1/1/2018 15:08,0,20,7
1/1/2018 15:09,0,20,7
1/1/2018 15:10,0,20,7
1/1/2018 15:11,0,20,7
1/1/2018 15:12,0,20,7
1/1/2018 15:13,0,20,7
1/1/2018 15:14,0,20,7
1/1/2018 15:15,0,20,7
1/1/2018 15:16,0,20,7
1/1/2018 15:17,0,20,7
1/1/2018 15:18,0,20,7
1/1/2018 15:19,0,20,7
1/1/2018 15:20,0,20,7
1/1/2018 15:21,0,20,7
1/1/2018 15:22,0,20,7
1/1/2018 15:23,0,20,7
1/1/2018 15:24,0,20,7
1/1/2018 15:25,0,20,7
1/1/2018 15:26,0,20,7
1/1/2018 15:27,0,20,7
1/1/2018 15:28,0,20,7
1/1/2018 15:29,0,20,7
1/1/2018 15:30,0,20,7
1/1/2018 15:31,0,20,7
1/1/2018 15:32,0,20,7
1/1/2018 15:33,0,20,7
1/1/2018 15:34,0,20,7
1/1/2018 15:35,0,20,7
1/1/2018 15:36,0,20,7
1/1/2018 15:37,0,20,7
1/1/2018 15:38,0,20,7
1/1/2018 15:39,0,20,7
1/1/2018 15:40,0,20,7
1/1/2018 15:41,0,20,7
1/1/2018 15:42,0,20,7
1/1/2018 15:43,0,20,7
1/1/2018 15:44,0,20,7
1/1/2018 15:45,0,20,7
1/1/2018 15:46,0,20,7
1/1/2018 15:47,0,20,7
1/1/2018 15:48,0,20,7
1/1/2018 15:49,0,20,7
1/1/2018 15:50,0,20,7
1/1/2018 15:51,0,20,7
1/1/2018 15:52,0,20,7
1/1/2018 15:53,0,20,7
1/1/2018 15:54,0,20,7
1/1/2018 15:55,0,20,7
1/1/2018 15:56,0,20,7
1/1/2018 15:57,0,20,7
1/1/2018 15:58,0,20,7
1/1/2018 15:59,0,20,7
1/1/2018 16:00,0,20,7
1/1/2018 16:01,0,20,7
1/1/2018 16:02,0,20,7
1/1/2018 16:03,3.785411784,20,7
1/1/2018 16:04,0,20,7
1/1/2018 16:05,0,20,7
1/1/2018 16:06,0,20,7
1/1/2018 16:07,0,20,7
1/1/2018 16:08,0,20,7
1/1/2018 16:09,0,20,7
1/1/2018 16:10,0,20,7
1/1/2018 16:11,0,20,7
1/1/2018 16:12,0,20,7
1/1/2018 16:13,0,20,7
1/1/2018 16:14,0,20,7
1/1/2018 16:15,0,20,7
1/1/2018 16:16,0,20,7
1/1/2018 16:17,0,20,7
1/1/2018 16:18,3.785411784,20,7
1/1/2018 16:19,3.785411784,20,7
1/1/2018 16:20,0,20,7
1/1/2018 16:21,0,20,7
1/1/2018 16:22,0,20,7
1/1/2018 16:23,0,20,7
1/1/2018 16:24,0,20,7
1/1/2018 16:25,0,20,7
1/1/2018 16:26,0,20,7
1/1/2018 16:27,0,20,7
1/1/2018 16:28,0,20,7
1/1/2018 16:29,0,20,7
1/1/2018 16:30,0,20,7
1/1/2018 16:31,0,20,7
1/1/2018 16:32,0,20,7
1/1/2018 16:33,0,20,7
1/1/2018 16:34,0,20,7
1/1/2018 16:35,0,20,7
1/1/2018 16:36,0,20,7
1/1/2018 16:37,0,20,7
1/1/2018 16:38,0,20,7
1/1/2018 16:39,0,20,7
1/1/2018 16:40,0,20,7
1/1/2018 16:41,0,20,7
1/1/2018 16:42,0,20,7
1/1/2018 16:43,0,20,7
1/1/2018 16:44,0,20,7
1/1/2018 16:45,0,20,7
1/1/2018 16:46,0,20,7
1/1/2018 16:47,0,20,7
1/1/2018 16:48,6.435200033,20,7
1/1/2018 16:49,1.135623535,20,7
1/1/2018 16:50,0,20,7
1/1/2018 16:51,0,20,7
1/1/2018 16:52,0,20,7
1/1/2018 16:53,0,20,7
1/1/2018 16:54,0,20,7
1/1/2018 16:55,0,20,7
1/1/2018 16:56,0,20,7
1/1/2018 16:57,0,20,7
1/1/2018 16:58,0,20,7
1/1/2018 16:59,0,20,7
1/1/2018 17:00,0,20,7
1/1/2018 17:01,0,20,7
1/1/2018 17:02,0,20,7
1/1/2018 17:03,6.435200033,20,7
1/1/2018 17:04,6.435200033,20,7
1/1/2018 17:05,6.435200033,20,7
1/1/2018 17:06,6.435200033,20,7
1/1/2018 17:07,0.757082357,20,7
1/1/2018 17:08,0,20,7
1/1/2018 17:09,0,20,7
1/1/2018 17:10,0,20,7
1/1/2018 17:11,0,20,7
1/1/2018 17:12,0,20,7
1/1/2018 17:13,0,20,7
1/1/2018 17:14,0,20,7
1/1/2018 17:15,0,20,7
1/1/2018 17:16,0,20,7
1/1/2018 17:17,0,20,7
1/1/2018 17:18,0,20,7
1/1/2018 17:19,0,20,7
1/1/2018 17:20,0,20,7
1/1/2018 17:21,0,20,7
1/1/2018 17:22,0,20,7
1/1/2018 17:23,0,20,7
1/1/2018 17:24,0,20,7
1/1/2018 17:25,0,20,7
1/1/2018 17:26,0,20,7
1/1/2018 17:27,0,20,7
1/1/2018 17:28,0,20,7
1/1/2018 17:29,0,20,7
1/1/2018 17:30,0,20,7
1/1/2018 17:31,0,20,7
1/1/2018 17:32,0,20,7
1/1/2018 17:33,0,20,7
1/1/2018 17:34,0,20,7
1/1/2018 17:35,0,20,7
1/1/2018 17:36,0,20,7
1/1/2018 17:37,0,20,7
1/1/2018 17:38,0,20,7
1/1/2018 17:39,0,20,7
1/1/2018 17:40,0,20,7
1/1/2018 17:41,0,20,7
1/1/2018 17:42,0,20,7
1/1/2018 17:43,0,20,7
1/1/2018 17:44,0,20,7
1/1/2018 17:45,0,20,7
1/1/2018 17:46,0,20,7
1/1/2018 17:47,0,20,7
1/1/2018 17:48,0,20,7
1/1/2018 17:49,0,20,7
1/1/2018 17:50,0,20,7
1/1/2018 17:51,0,20,7
1/1/2018 17:52,0,20,7
1/1/2018 17:53,0,20,7
1/1/2018 17:54,0,20,7
1/1/2018 17:55,0,20,7
1/1/2018 17:56,0,20,7
1/1/2018 17:57,0,20,7
1/1/2018 17:58,0,20,7
1/1/2018 17:59,0,20,7
1/1/2018 18:00,0,20,7
1/1/2018 18:01,0,20,7
1/1/2018 18:02,0,20,7
1/1/2018 18:03,0,20,7
1/1/2018 18:04,0,20,7
1/1/2018 18:05,0,20,7
1/1/2018 18:06,0,20,7
1/1/2018 18:07,0,20,7
1/1/2018 18:08,0,20,7
1/1/2018 18:09,0,20,7
1/1/2018 18:10,0,20,7
1/1/2018 18:11,0,20,7
1/1/2018 18:12,0,20,7
1/1/2018 18:13,0,20,7
1/1/2018 18:14,0,20,7
1/1/2018 18:15,0,20,7
1/1/2018 18:16,0,20,7
1/1/2018 18:17,0,20,7
1/1/2018 18:18,0,20,7
1/1/2018 18:19,0,20,7
1/1/2018 18:20,0,20,7
1/1/2018 18:21,0,20,7
1/1/2018 18:22,0,20,7
1/1/2018 18:23,0,20,7
1/1/2018 18:24,0,20,7
1/1/2018 18:25,0,20,7
1/1/2018 18:26,0,20,7
1/1/2018 18:27,0,20,7
1/1/2018 18:28,0,20,7
1/1/2018 18:29,0,20,7
1/1/2018 18:30,0,20,7
1/1/2018 18:31,0,20,7
1/1/2018 18:32,0,20,7
1/1/2018 18:33,0,20,7
1/1/2018 18:34,0,20,7
1/1/2018 18:35,0,20,7
1/1/2018 18:36,0,20,7
1/1/2018 18:37,0,20,7
1/1/2018 18:38,0,20,7
1/1/2018 18:39,0,20,7
1/1/2018 18:40,0,20,7
1/1/2018 18:41,0,20,7
1/1/2018 18:42,0,20,7
1/1/2018 18:43,0,20,7
1/1/2018 18:44,0,20,7
1/1/2018 18:45,0,20,7
1/1/2018 18:46,0,20,7
1/1/2018 18:47,0,20,7
1/1/2018 18:48,0,20,7
1/1/2018 18:49,0,20,7
1/1/2018 18:50,0,20,7
1/1/2018 18:51,0,20,7
1/1/2018 18:52,0,20,7
1/1/2018 18:53,0,20,7
1/1/2018 18:54,0,20,7
1/1/2018 18:55,0,20,7
1/1/2018 18:56,0,20,7
1/1/2018 18:57,0,20,7
1/1/2018 18:58,0,20,7
1/1/2018 18:59,0,20,7
1/1/2018 19:00,0,20,7
1/1/2018 19:01,0,20,7
1/1/2018 19:02,0,20,7
1/1/2018 19:03,0,20,7
1/1/2018 19:04,0,20,7
1/1/2018 19:05,0,20,7
1/1/2018 19:06,0,20,7
1/1/2018 19:07,0,20,7
1/1/2018 19:08,0,20,7
1/1/2018 19:09,0,20,7
1/1/2018 19:10,0,20,7
1/1/2018 19:11,0,20,7
1/1/2018 19:12,0,20,7
1/1/2018 19:13,0,20,7
1/1/2018 19:14,0,20,7
1/1/2018 19:15,0,20,7
1/1/2018 19:16,0,20,7
1/1/2018 19:17,0,20,7
1/1/2018 19:18,0,20,7
1/1/2018 19:19,0,20,7
1/1/2018 19:20,0,20,7
1/1/2018 19:21,0,20,7
1/1/2018 19:22,0,20,7
1/1/2018 19:23,0,20,7
1/1/2018 19:24,0,20,7
1/1/2018 19:25,0,20,7
1/1/2018 19:26,0,20,7
1/1/2018 19:27,0,20,7
1/1/2018 19:28,0,20,7
1/1/2018 19:29,0,20,7
1/1/2018 19:30,0,20,7
1/1/2018 19:31,0,20,7
1/1/2018 19:32,0,20,7
1/1/2018 19:33,0,20,7
1/1/2018 19:34,0,20,7
1/1/2018 19:35,0,20,7
1/1/2018 19:36,0,20,7
1/1/2018 19:37,0,20,7
1/1/2018 19:38,0,20,7
1/1/2018 19:39,0,20,7
1/1/2018 19:40,0,20,7
1/1/2018 19:41,0,20,7
1/1/2018 19:42,0,20,7
1/1/2018 19:43,0,20,7
1/1/2018 19:44,0,20,7
1/1/2018 19:45,0,20,7
1/1/2018 19:46,0,20,7
1/1/2018 19:47,0,20,7
1/1/2018 19:48,0,20,7
1/1/2018 19:49,0,20,7
1/1/2018 19:50,0,20,7
1/1/2018 19:51,0,20,7
1/1/2018 19:52,0,20,7
1/1/2018 19:53,0,20,7
1/1/2018 19:54,0,20,7
1/1/2018 19:55,0,20,7
1/1/2018 19:56,0,20,7
1/1/2018 19:57,0,20,7
1/1/2018 19:58,0,20,7
1/1/2018 19:59,0,20,7
1/1/2018 20:00,0,20,7
1/1/2018 20:01,0,20,7
1/1/2018 20:02,0,20,7
1/1/2018 20:03,0,20,7
1/1/2018 20:04,0,20,7
1/1/2018 20:05,0,20,7
1/1/2018 20:06,0,20,7
1/1/2018 20:07,0,20,7
1/1/2018 20:08,0,20,7
1/1/2018 20:09,0,20,7
1/1/2018 20:10,0,20,7
1/1/2018 20:11,0,20,7
1/1/2018 20:12,0,20,7
1/1/2018 20:13,0,20,7
1/1/2018 20:14,0,20,7
1/1/2018 20:15,0,20,7
1/1/2018 20:16,0,20,7
1/1/2018 20:17,0,20,7
1/1/2018 20:18,0,20,7
1/1/2018 20:19,0,20,7
1/1/2018 20:20,0,20,7
1/1/2018 20:21,0,20,7
1/1/2018 20:22,0,20,7
1/1/2018 20:23,0,20,7
1/1/2018 20:24,0,20,7
1/1/2018 20:25,0,20,7
1/1/2018 20:26,0,20,7
1/1/2018 20:27,0,20,7
1/1/2018 20:28,0,20,7
1/1/2018 20:29,0,20,7
1/1/2018 20:30,0,20,7
1/1/2018 20:31,0,20,7
1/1/2018 20:32,0,20,7
1/1/2018 20:33,0,20,7
1/1/2018 20:34,0,20,7
1/1/2018 20:35,0,20,7
1/1/2018 20:36,0,20,7
1/1/2018 20:37,0,20,7
1/1/2018 20:38,0,20,7
1/1/2018 20:39,0,20,7
1/1/2018 20:40,0,20,7
1/1/2018 20:41,0,20,7
1/1/2018 20:42,0,20,7
1/1/2018 20:43,0,20,7
1/1/2018 20:44,0,20,7
1/1/2018 20:45,0,20,7
1/1/2018 20:46,0,20,7
1/1/2018 20:47,0,20,7
1/1/2018 20:48,0,20,7
1/1/2018 20:49,0,20,7
1/1/2018 20:50,0,20,7
1/1/2018 20:51,0,20,7
1/1/2018 20:52,0,20,7
1/1/2018 20:53,0,20,7
1/1/2018 20:54,0,20,7
1/1/2018 20:55,0,20,7
1/1/2018 20:56,0,20,7
1/1/2018 20:57,0,20,7
1/1/2018 20:58,0,20,7
1/1/2018 20:59,0,20,7
1/1/2018 21:00,0,20,7
1/1/2018 21:01,0,20,7
1/1/2018 21:02,0,20,7
1/1/2018 21:03,0,20,7
1/1/2018 21:04,0,20,7
1/1/2018 21:05,0,20,7
1/1/2018 21:06,0,20,7
1/1/2018 21:07,0,20,7
1/1/2018 21:08,0,20,7
1/1/2018 21:09,0,20,7
1/1/2018 21:10,0,20,7
1/1/2018 21:11,0,20,7
1/1/2018 21:12,0,20,7
1/1/2018 21:13,0,20,7
1/1/2018 21:14,0,20,7
1/1/2018 21:15,0,20,7
1/1/2018 21:16,0,20,7
1/1/2018 21:17,0,20,7
1/1/2018 21:18,0,20,7
1/1/2018 21:19,0,20,7
1/1/2018 21:20,0,20,7
1/1/2018 21:21,0,20,7
1/1/2018 21:22,0,20,7
1/1/2018 21:23,0,20,7
1/1/2018 21:24,0,20,7
1/1/2018 21:25,0,20,7
1/1/2018 21:26,0,20,7
1/1/2018 21:27,0,20,7
1/1/2018 21:28,0,20,7
1/1/2018 21:29,0,20,7
1/1/2018 21:30,0,20,7
1/1/2018 21:31,0,20,7
1/1/2018 21:32,0,20,7
1/1/2018 21:33,0,20,7
1/1/2018 21:34,0,20,7
1/1/2018 21:35,0,20,7
1/1/2018 21:36,0,20,7
1/1/2018 21:37,0,20,7
1/1/2018 21:38,0,20,7
1/1/2018 21:39,0,20,7
1/1/2018 21:40,0,20,7
1/1/2018 21:41,0,20,7
1/1/2018 21:42,0,20,7
1/1/2018 21:43,0,20,7
1/1/2018 21:44,0,20,7
1/1/2018 21:45,0,20,7
1/1/2018 21:46,0,20,7
1/1/2018 21:47,0,20,7
1/1/2018 21:48,0,20,7
1/1/2018 21:49,0,20,7
1/1/2018 21:50,0,20,7
1/1/2018 21:51,0,20,7
1/1/2018 21:52,0,20,7
1/1/2018 21:53,0,20,7
1/1/2018 21:54,0,20,7
1/1/2018 21:55,0,20,7
1/1/2018 21:56,0,20,7
1/1/2018 21:57,0,20,7
1/1/2018 21:58,0,20,7
1/1/2018 21:59,0,20,7
1/1/2018 22:00,0,20,7
1/1/2018 22:01,0,20,7
1/1/2018 22:02,0,20,7
1/1/2018 22:03,0,20,7
1/1/2018 22:04,0,20,7
1/1/2018 22:05,0,20,7
1/1/2018 22:06,0,20,7
1/1/2018 22:07,0,20,7
1/1/2018 22:08,0,20,7
1/1/2018 22:09,0,20,7
1/1/2018 22:10,0,20,7
1/1/2018 22:11,0,20,7
1/1/2018 22:12,0,20,7
1/1/2018 22:13,0,20,7
1/1/2018 22:14,0,20,7
1/1/2018 22:15,0,20,7
1/1/2018 22:16,0,20,7
1/1/2018 22:17,0,20,7
1/1/2018 22:18,0,20,7
1/1/2018 22:19,0,20,7
1/1/2018 22:20,0,20,7
1/1/2018 22:21,0,20,7
1/1/2018 22:22,0,20,7
1/1/2018 22:23,0,20,7
1/1/2018 22:24,0,20,7
1/1/2018 22:25,0,20,7
1/1/2018 22:26,0,20,7
1/1/2018 22:27,0,20,7
1/1/2018 22:28,0,20,7
1/1/2018 22:29,0,20,7
1/1/2018 22:30,0,20,7
1/1/2018 22:31,0,20,7
1/1/2018 22:32,0,20,7
1/1/2018 22:33,0,20,7
1/1/2018 22:34,0,20,7
1/1/2018 22:35,0,20,7
1/1/2018 22:36,0,20,7
1/1/2018 22:37,0,20,7
1/1/2018 22:38,0,20,7
1/1/2018 22:39,0,20,7
1/1/2018 22:40,0,20,7
1/1/2018 22:41,0,20,7
1/1/2018 22:42,0,20,7
1/1/2018 22:43,0,20,7
1/1/2018 22:44,0,20,7
1/1/2018 22:45,0,20,7
1/1/2018 22:46,0,20,7
1/1/2018 22:47,0,20,7
1/1/2018 22:48,0,20,7
1/1/2018 22:49,0,20,7
1/1/2018 22:50,0,20,7
1/1/2018 22:51,0,20,7
1/1/2018 22:52,0,20,7
1/1/2018 22:53,0,20,7
1/1/2018 22:54,0,20,7
1/1/2018 22:55,0,20,7
1/1/2018 22:56,0,20,7
1/1/2018 22:57,0,20,7
1/1/2018 22:58,0,20,7
1/1/2018 22:59,0,20,7
1/1/2018 23:00,0,20,7
1/1/2018 23:01,0,20,7
1/1/2018 23:02,0,20,7
1/1/2018 23:03,0,20,7
1/1/2018 23:04,0,20,7
1/1/2018 23:05,0,20,7
1/1/2018 23:06,0,20,7
1/1/2018 23:07,0,20,7
1/1/2018 23:08,0,20,7
1/1/2018 23:09,0,20,7
1/1/2018 23:10,0,20,7
1/1/2018 23:11,0,20,7
1/1/2018 23:12,0,20,7
1/1/2018 23:13,0,20,7
1/1/2018 23:14,0,20,7
1/1/2018 23:15,0,20,7
1/1/2018 23:16,0,20,7
1/1/2018 23:17,0,20,7
1/1/2018 23:18,0,20,7
1/1/2018 23:19,0,20,7
1/1/2018 23:20,0,20,7
1/1/2018 23:21,0,20,7
1/1/2018 23:22,0,20,7
1/1/2018 23:23,0,20,7
1/1/2018 23:24,0,20,7
1/1/2018 23:25,0,20,7
1/1/2018 23:26,0,20,7
1/1/2018 23:27,0,20,7
1/1/2018 23:28,0,20,7
1/1/2018 23:29,0,20,7
1/1/2018 23:30,0,20,7
1/1/2018 23:31,0,20,7
1/1/2018 23:32,0,20,7
1/1/2018 23:33,0,20,7
1/1/2018 23:34,0,20,7
1/1/2018 23:35,0,20,7
1/1/2018 23:36,0,20,7
1/1/2018 23:37,0,20,7
1/1/2018 23:38,0,20,7
1/1/2018 23:39,0,20,7
1/1/2018 23:40,0,20,7
1/1/2018 23:41,0,20,7
1/1/2018 23:42,0,20,7
1/1/2018 23:43,0,20,7
1/1/2018 23:44,0,20,7
1/1/2018 23:45,0,20,7
1/1/2018 23:46,0,20,7
1/1/2018 23:47,0,20,7
1/1/2018 23:48,0,20,7
1/1/2018 23:49,0,20,7
1/1/2018 23:50,0,20,7
1/1/2018 23:51,0,20,7
1/1/2018 23:52,0,20,7
1/1/2018 23:53,0,20,7
1/1/2018 23:54,0,20,7
1/1/2018 23:55,0,20,7
1/1/2018 23:56,0,20,7
1/1/2018 23:57,0,20,7
1/1/2018 23:58,0,20,7
1/1/2018 23:59,0,20,7
1/2/2018 0:00,0,20,7
1/2/2018 0:01,0,20,7
1/2/2018 0:02,0,20,7
1/2/2018 0:03,6.435200033,20,7
1/2/2018 0:04,6.435200033,20,7
1/2/2018 0:05,6.435200033,20,7
1/2/2018 0:06,6.435200033,20,7
1/2/2018 0:07,6.435200033,20,7
1/2/2018 0:08,6.435200033,20,7
1/2/2018 0:09,6.435200033,20,7
1/2/2018 0:10,6.435200033,20,7
1/2/2018 0:11,5.299576498,20,7
1/2/2018 0:12,0,20,7
1/2/2018 0:13,0,20,7
1/2/2018 0:14,0,20,7
1/2/2018 0:15,0,20,7
1/2/2018 0:16,0,20,7
1/2/2018 0:17,0,20,7
1/2/2018 0:18,0,20,7
1/2/2018 0:19,0,20,7
1/2/2018 0:20,0,20,7
1/2/2018 0:21,0,20,7
1/2/2018 0:22,0,20,7
1/2/2018 0:23,0,20,7
1/2/2018 0:24,0,20,7
1/2/2018 0:25,0,20,7
1/2/2018 0:26,0,20,7
1/2/2018 0:27,0,20,7
1/2/2018 0:28,0,20,7
1/2/2018 0:29,0,20,7
1/2/2018 0:30,0,20,7
1/2/2018 0:31,0,20,7
1/2/2018 0:32,0,20,7
1/2/2018 0:33,3.785411784,20,7
1/2/2018 0:34,3.785411784,20,7
1/2/2018 0:35,0,20,7
1/2/2018 0:36,0,20,7
1/2/2018 0:37,0,20,7
1/2/2018 0:38,0,20,7
1/2/2018 0:39,0,20,7
1/2/2018 0:40,0,20,7
1/2/2018 0:41,0,20,7
1/2/2018 0:42,0,20,7
1/2/2018 0:43,0,20,7
1/2/2018 0:44,0,20,7
1/2/2018 0:45,0,20,7
1/2/2018 0:46,0,20,7
1/2/2018 0:47,0,20,7
1/2/2018 0:48,0,20,7
1/2/2018 0:49,0,20,7
1/2/2018 0:50,0,20,7
1/2/2018 0:51,0,20,7
1/2/2018 0:52,0,20,7
1/2/2018 0:53,0,20,7
1/2/2018 0:54,0,20,7
1/2/2018 0:55,0,20,7
1/2/2018 0:56,0,20,7
1/2/2018 0:57,0,20,7
1/2/2018 0:58,0,20,7
1/2/2018 0:59,0,20,7
1/2/2018 1:00,0,20,7
1/2/2018 1:01,0,20,7
1/2/2018 1:02,0,20,7
1/2/2018 1:03,0,20,7
1/2/2018 1:04,0,20,7
1/2/2018 1:05,0,20,7
1/2/2018 1:06,0,20,7
1/2/2018 1:07,0,20,7
1/2/2018 1:08,0,20,7
1/2/2018 1:09,0,20,7
1/2/2018 1:10,0,20,7
1/2/2018 1:11,0,20,7
1/2/2018 1:12,0,20,7
1/2/2018 1:13,0,20,7
1/2/2018 1:14,0,20,7
1/2/2018 1:15,0,20,7
1/2/2018 1:16,0,20,7
1/2/2018 1:17,0,20,7
1/2/2018 1:18,0,20,7
1/2/2018 1:19,0,20,7
1/2/2018 1:20,0,20,7
1/2/2018 1:21,0,20,7
1/2/2018 1:22,0,20,7
1/2/2018 1:23,0,20,7
1/2/2018 1:24,0,20,7
1/2/2018 1:25,0,20,7
1/2/2018 1:26,0,20,7
1/2/2018 1:27,0,20,7
1/2/2018 1:28,0,20,7
1/2/2018 1:29,0,20,7
1/2/2018 1:30,0,20,7
1/2/2018 1:31,0,20,7
1/2/2018 1:32,0,20,7
1/2/2018 1:33,0,20,7
1/2/2018 1:34,0,20,7
1/2/2018 1:35,0,20,7
1/2/2018 1:36,0,20,7
1/2/2018 1:37,0,20,7
1/2/2018 1:38,0,20,7
1/2/2018 1:39,0,20,7
1/2/2018 1:40,0,20,7
1/2/2018 1:41,0,20,7
1/2/2018 1:42,0,20,7
1/2/2018 1:43,0,20,7
1/2/2018 1:44,0,20,7
1/2/2018 1:45,0,20,7
1/2/2018 1:46,6.435200033,20,7
1/2/2018 1:47,6.435200033,20,7
1/2/2018 1:48,6.435200033,20,7
1/2/2018 1:49,6.435200033,20,7
1/2/2018 1:50,6.435200033,20,7
1/2/2018 1:51,1.892705892,20,7
1/2/2018 1:52,0,20,7
1/2/2018 1:53,0,20,7
1/2/2018 1:54,0,20,7
1/2/2018 1:55,0,20,7
1/2/2018 1:56,0,20,7
1/2/2018 1:57,0,20,7
1/2/2018 1:58,0,20,7
1/2/2018 1:59,0,20,7
1/2/2018 2:00,0,20,7
1/2/2018 2:01,0,20,7
1/2/2018 2:02,0,20,7
1/2/2018 2:03,0,20,7
1/2/2018 2:04,0,20,7
1/2/2018 2:05,0,20,7
1/2/2018 2:06,0,20,7
1/2/2018 2:07,0,20,7
1/2/2018 2:08,0,20,7
1/2/2018 2:09,0,20,7
1/2/2018 2:10,0,20,7
1/2/2018 2:11,0,20,7
1/2/2018 2:12,0,20,7
1/2/2018 2:13,0,20,7
1/2/2018 2:14,0,20,7
1/2/2018 2:15,0,20,7
1/2/2018 2:16,0,20,7
1/2/2018 2:17,0,20,7
1/2/2018 2:18,0,20,7
1/2/2018 2:19,0,20,7
1/2/2018 2:20,0,20,7
1/2/2018 2:21,0,20,7
1/2/2018 2:22,0,20,7
1/2/2018 2:23,0,20,7
1/2/2018 2:24,0,20,7
1/2/2018 2:25,0,20,7
1/2/2018 2:26,0,20,7
1/2/2018 2:27,0,20,7
1/2/2018 2:28,0,20,7
1/2/2018 2:29,0,20,7
1/2/2018 2:30,0,20,7
1/2/2018 2:31,0,20,7
1/2/2018 2:32,0,20,7
1/2/2018 2:33,0,20,7
1/2/2018 2:34,0,20,7
1/2/2018 2:35,0,20,7
1/2/2018 2:36,0,20,7
1/2/2018 2:37,0,20,7
1/2/2018 2:38,0,20,7
1/2/2018 2:39,0,20,7
1/2/2018 2:40,0,20,7
1/2/2018 2:41,0,20,7
1/2/2018 2:42,0,20,7
1/2/2018 2:43,0,20,7
1/2/2018 2:44,0,20,7
1/2/2018 2:45,0,20,7
1/2/2018 2:46,0,20,7
1/2/2018 2:47,0,20,7
1/2/2018 2:48,0,20,7
1/2/2018 2:49,0,20,7
1/2/2018 2:50,0,20,7
1/2/2018 2:51,0,20,7
1/2/2018 2:52,0,20,7
1/2/2018 2:53,0,20,7
1/2/2018 2:54,0,20,7
1/2/2018 2:55,0,20,7
1/2/2018 2:56,0,20,7
1/2/2018 2:57,0,20,7
1/2/2018 2:58,0,20,7
1/2/2018 2:59,0,20,7
1/2/2018 3:00,0,20,7
1/2/2018 3:01,0,20,7
1/2/2018 3:02,0,20,7
1/2/2018 3:03,0,20,7
1/2/2018 3:04,0,20,7
1/2/2018 3:05,0,20,7
1/2/2018 3:06,0,20,7
1/2/2018 3:07,0,20,7
1/2/2018 3:08,0,20,7
1/2/2018 3:09,0,20,7
1/2/2018 3:10,0,20,7
1/2/2018 3:11,0,20,7
1/2/2018 3:12,0,20,7
1/2/2018 3:13,0,20,7
1/2/2018 3:14,0,20,7
1/2/2018 3:15,0,20,7
1/2/2018 3:16,0,20,7
1/2/2018 3:17,0,20,7
1/2/2018 3:18,0,20,7
1/2/2018 3:19,0,20,7
1/2/2018 3:20,0,20,7
1/2/2018 3:21,0,20,7
1/2/2018 3:22,0,20,7
1/2/2018 3:23,0,20,7
1/2/2018 3:24,0,20,7
1/2/2018 3:25,0,20,7
1/2/2018 3:26,0,20,7
1/2/2018 3:27,0,20,7
1/2/2018 3:28,0,20,7
1/2/2018 3:29,0,20,7
1/2/2018 3:30,0,20,7
1/2/2018 3:31,0,20,7
1/2/2018 3:32,0,20,7
1/2/2018 3:33,0,20,7
1/2/2018 3:34,0,20,7
1/2/2018 3:35,0,20,7
1/2/2018 3:36,0,20,7
1/2/2018 3:37,0,20,7
1/2/2018 3:38,0,20,7
1/2/2018 3:39,0,20,7
1/2/2018 3:40,0,20,7
1/2/2018 3:41,0,20,7
1/2/2018 3:42,0,20,7
1/2/2018 3:43,0,20,7
1/2/2018 3:44,0,20,7
1/2/2018 3:45,0,20,7
1/2/2018 3:46,0,20,7
1/2/2018 3:47,0,20,7
1/2/2018 3:48,0,20,7
1/2/2018 3:49,0,20,7
1/2/2018 3:50,0,20,7
1/2/2018 3:51,0,20,7
1/2/2018 3:52,0,20,7
1/2/2018 3:53,0,20,7
1/2/2018 3:54,0,20,7
1/2/2018 3:55,0,20,7
1/2/2018 3:56,0,20,7
1/2/2018 3:57,0,20,7
1/2/2018 3:58,0,20,7
1/2/2018 3:59,0,20,7
1/2/2018 4:00,0,20,7
1/2/2018 4:01,0,20,7
1/2/2018 4:02,0,20,7
1/2/2018 4:03,0,20,7
1/2/2018 4:04,0,20,7
1/2/2018 4:05,0,20,7
1/2/2018 4:06,0,20,7
1/2/2018 4:07,0,20,7
1/2/2018 4:08,0,20,7
1/2/2018 4:09,0,20,7
1/2/2018 4:10,0,20,7
1/2/2018 4:11,0,20,7
1/2/2018 4:12,0,20,7
1/2/2018 4:13,0,20,7
1/2/2018 4:14,0,20,7
1/2/2018 4:15,0,20,7
1/2/2018 4:16,0,20,7
1/2/2018 4:17,0,20,7
1/2/2018 4:18,0,20,7
1/2/2018 4:19,0,20,7
1/2/2018 4:20,0,20,7
1/2/2018 4:21,0,20,7
1/2/2018 4:22,0,20,7
1/2/2018 4:23,0,20,7
1/2/2018 4:24,0,20,7
1/2/2018 4:25,0,20,7
1/2/2018 4:26,0,20,7
1/2/2018 4:27,0,20,7
1/2/2018 4:28,0,20,7
1/2/2018 4:29,0,20,7
1/2/2018 4:30,0,20,7
1/2/2018 4:31,0,20,7
1/2/2018 4:32,0,20,7
1/2/2018 4:33,0,20,7
1/2/2018 4:34,0,20,7
1/2/2018 4:35,0,20,7
1/2/2018 4:36,0,20,7
1/2/2018 4:37,0,20,7
1/2/2018 4:38,0,20,7
1/2/2018 4:39,0,20,7
1/2/2018 4:40,0,20,7
1/2/2018 4:41,0,20,7
1/2/2018 4:42,0,20,7
1/2/2018 4:43,0,20,7
1/2/2018 4:44,0,20,7
1/2/2018 4:45,0,20,7
1/2/2018 4:46,0,20,7
1/2/2018 4:47,0,20,7
1/2/2018 4:48,0,20,7
1/2/2018 4:49,0,20,7
1/2/2018 4:50,0,20,7
1/2/2018 4:51,0,20,7
1/2/2018 4:52,0,20,7
1/2/2018 4:53,0,20,7
1/2/2018 4:54,0,20,7
1/2/2018 4:55,0,20,7
1/2/2018 4:56,0,20,7
1/2/2018 4:57,0,20,7
1/2/2018 4:58,0,20,7
1/2/2018 4:59,0,20,7
1/2/2018 5:00,0,20,7
1/2/2018 5:01,0,20,7
1/2/2018 5:02,0,20,7
1/2/2018 5:03,0,20,7
1/2/2018 5:04,0,20,7
1/2/2018 5:05,0,20,7
1/2/2018 5:06,0,20,7
1/2/2018 5:07,0,20,7
1/2/2018 5:08,0,20,7
1/2/2018 5:09,0,20,7
1/2/2018 5:10,0,20,7
1/2/2018 5:11,0,20,7
1/2/2018 5:12,0,20,7
1/2/2018 5:13,0,20,7
1/2/2018 5:14,0,20,7
1/2/2018 5:15,0,20,7
1/2/2018 5:16,0,20,7
1/2/2018 5:17,0,20,7
1/2/2018 5:18,0,20,7
1/2/2018 5:19,0,20,7
1/2/2018 5:20,0,20,7
1/2/2018 5:21,0,20,7
1/2/2018 5:22,0,20,7
1/2/2018 5:23,0,20,7
1/2/2018 5:24,0,20,7
1/2/2018 5:25,0,20,7
1/2/2018 5:26,0,20,7
1/2/2018 5:27,0,20,7
1/2/2018 5:28,0,20,7
1/2/2018 5:29,0,20,7
1/2/2018 5:30,0,20,7
1/2/2018 5:31,0,20,7
1/2/2018 5:32,0,20,7
1/2/2018 5:33,0,20,7
1/2/2018 5:34,0,20,7
1/2/2018 5:35,0,20,7
1/2/2018 5:36,0,20,7
1/2/2018 5:37,0,20,7
1/2/2018 5:38,0,20,7
1/2/2018 5:39,0,20,7
1/2/2018 5:40,0,20,7
1/2/2018 5:41,0,20,7
1/2/2018 5:42,0,20,7
1/2/2018 5:43,0,20,7
1/2/2018 5:44,0,20,7
1/2/2018 5:45,0,20,7
1/2/2018 5:46,0,20,7
1/2/2018 5:47,0,20,7
1/2/2018 5:48,0,20,7
1/2/2018 5:49,0,20,7
1/2/2018 5:50,0,20,7
1/2/2018 5:51,0,20,7
1/2/2018 5:52,0,20,7
1/2/2018 5:53,0,20,7
1/2/2018 5:54,0,20,7
1/2/2018 5:55,0,20,7
1/2/2018 5:56,0,20,7
1/2/2018 5:57,0,20,7
1/2/2018 5:58,0,20,7
1/2/2018 5:59,0,20,7
1/2/2018 6:00,0,20,7
1/2/2018 6:01,0,20,7
1/2/2018 6:02,0,20,7
1/2/2018 6:03,0,20,7
1/2/2018 6:04,0,20,7
1/2/2018 6:05,0,20,7
1/2/2018 6:06,0,20,7
1/2/2018 6:07,0,20,7
1/2/2018 6:08,0,20,7
1/2/2018 6:09,0,20,7
1/2/2018 6:10,0,20,7
1/2/2018 6:11,0,20,7
1/2/2018 6:12,0,20,7
1/2/2018 6:13,0,20,7
1/2/2018 6:14,0,20,7
1/2/2018 6:15,0,20,7
1/2/2018 6:16,0,20,7
1/2/2018 6:17,0,20,7
1/2/2018 6:18,0,20,7
1/2/2018 6:19,0,20,7
1/2/2018 6:20,0,20,7
1/2/2018 6:21,0,20,7
1/2/2018 6:22,0,20,7
1/2/2018 6:23,0,20,7
1/2/2018 6:24,0,20,7
1/2/2018 6:25,0,20,7
1/2/2018 6:26,0,20,7
1/2/2018 6:27,0,20,7
1/2/2018 6:28,0,20,7
1/2/2018 6:29,0,20,7
1/2/2018 6:30,0,20,7
1/2/2018 6:31,0,20,7
1/2/2018 6:32,0,20,7
1/2/2018 6:33,0,20,7
1/2/2018 6:34,0,20,7
1/2/2018 6:35,0,20,7
1/2/2018 6:36,0,20,7
1/2/2018 6:37,0,20,7
1/2/2018 6:38,0,20,7
1/2/2018 6:39,0,20,7
1/2/2018 6:40,0,20,7
1/2/2018 6:41,0,20,7
1/2/2018 6:42,0,20,7
1/2/2018 6:43,0,20,7
1/2/2018 6:44,0,20,7
1/2/2018 6:45,0,20,7
1/2/2018 6:46,0,20,7
1/2/2018 6:47,0,20,7
1/2/2018 6:48,0,20,7
1/2/2018 6:49,0,20,7
1/2/2018 6:50,0,20,7
1/2/2018 6:51,0,20,7
1/2/2018 6:52,0,20,7
1/2/2018 6:53,0,20,7
1/2/2018 6:54,0,20,7
1/2/2018 6:55,0,20,7
1/2/2018 6:56,0,20,7
1/2/2018 6:57,0,20,7
1/2/2018 6:58,0,20,7
1/2/2018 6:59,0,20,7
1/2/2018 7:00,0,20,7
1/2/2018 7:01,0,20,7
1/2/2018 7:02,0,20,7
1/2/2018 7:03,0,20,7
1/2/2018 7:04,0,20,7
1/2/2018 7:05,0,20,7
1/2/2018 7:06,0,20,7
1/2/2018 7:07,0,20,7
1/2/2018 7:08,0,20,7
1/2/2018 7:09,0,20,7
1/2/2018 7:10,0,20,7
1/2/2018 7:11,0,20,7
1/2/2018 7:12,0,20,7
1/2/2018 7:13,0,20,7
1/2/2018 7:14,0,20,7
1/2/2018 7:15,0,20,7
1/2/2018 7:16,0,20,7
1/2/2018 7:17,0,20,7
1/2/2018 7:18,0,20,7
1/2/2018 7:19,0,20,7
1/2/2018 7:20,0,20,7
1/2/2018 7:21,0,20,7
1/2/2018 7:22,0,20,7
1/2/2018 7:23,0,20,7
1/2/2018 7:24,0,20,7
1/2/2018 7:25,0,20,7
1/2/2018 7:26,0,20,7
1/2/2018 7:27,0,20,7
1/2/2018 7:28,0,20,7
1/2/2018 7:29,0,20,7
1/2/2018 7:30,0,20,7
1/2/2018 7:31,0,20,7
1/2/2018 7:32,0,20,7
1/2/2018 7:33,0,20,7
1/2/2018 7:34,0,20,7
1/2/2018 7:35,0,20,7
1/2/2018 7:36,0,20,7
1/2/2018 7:37,0,20,7
1/2/2018 7:38,0,20,7
1/2/2018 7:39,0,20,7
1/2/2018 7:40,0,20,7
1/2/2018 7:41,0,20,7
1/2/2018 7:42,0,20,7
1/2/2018 7:43,0,20,7
1/2/2018 7:44,0,20,7
1/2/2018 7:45,0,20,7
1/2/2018 7:46,0,20,7
1/2/2018 7:47,0,20,7
1/2/2018 7:48,0,20,7
1/2/2018 7:49,0,20,7
1/2/2018 7:50,0,20,7
1/2/2018 7:51,0,20,7
1/2/2018 7:52,0,20,7
1/2/2018 7:53,0,20,7
1/2/2018 7:54,0,20,7
1/2/2018 7:55,0,20,7
1/2/2018 7:56,0,20,7
1/2/2018 7:57,0,20,7
1/2/2018 7:58,0,20,7
1/2/2018 7:59,0,20,7
1/2/2018 8:00,0,20,7
1/2/2018 8:01,0,20,7
1/2/2018 8:02,0,20,7
1/2/2018 8:03,0,20,7
1/2/2018 8:04,0,20,7
1/2/2018 8:05,0,20,7
1/2/2018 8:06,0,20,7
1/2/2018 8:07,0,20,7
1/2/2018 8:08,0,20,7
1/2/2018 8:09,0,20,7
1/2/2018 8:10,0,20,7
1/2/2018 8:11,0,20,7
1/2/2018 8:12,0,20,7
1/2/2018 8:13,0,20,7
1/2/2018 8:14,0,20,7
1/2/2018 8:15,0,20,7
1/2/2018 8:16,0,20,7
1/2/2018 8:17,0,20,7
1/2/2018 8:18,0,20,7
1/2/2018 8:19,0,20,7
1/2/2018 8:20,0,20,7
1/2/2018 8:21,0,20,7
1/2/2018 8:22,0,20,7
1/2/2018 8:23,0,20,7
1/2/2018 8:24,0,20,7
1/2/2018 8:25,0,20,7
1/2/2018 8:26,0,20,7
1/2/2018 8:27,0,20,7
1/2/2018 8:28,0,20,7
1/2/2018 8:29,0,20,7
1/2/2018 8:30,0,20,7
1/2/2018 8:31,0,20,7
1/2/2018 8:32,0,20,7
1/2/2018 8:33,0,20,7
1/2/2018 8:34,0,20,7
1/2/2018 8:35,0,20,7
1/2/2018 8:36,0,20,7
1/2/2018 8:37,0,20,7
1/2/2018 8:38,0,20,7
1/2/2018 8:39,0,20,7
1/2/2018 8:40,0,20,7
1/2/2018 8:41,0,20,7
1/2/2018 8:42,0,20,7
1/2/2018 8:43,0,20,7
1/2/2018 8:44,0,20,7
1/2/2018 8:45,0,20,7
1/2/2018 8:46,0,20,7
1/2/2018 8:47,0,20,7
1/2/2018 8:48,0,20,7
1/2/2018 8:49,0,20,7
1/2/2018 8:50,0,20,7
1/2/2018 8:51,0,20,7
1/2/2018 8:52,0,20,7
1/2/2018 8:53,0,20,7
1/2/2018 8:54,0,20,7
1/2/2018 8:55,0,20,7
1/2/2018 8:56,0,20,7
1/2/2018 8:57,0,20,7
1/2/2018 8:58,0,20,7
1/2/2018 8:59,0,20,7
1/2/2018 9:00,0,20,7
1/2/2018 9:01,0,20,7
1/2/2018 9:02,0,20,7
1/2/2018 9:03,0,20,7
1/2/2018 9:04,0,20,7
1/2/2018 9:05,0,20,7
1/2/2018 9:06,0,20,7
1/2/2018 9:07,0,20,7
1/2/2018 9:08,0,20,7
1/2/2018 9:09,0,20,7
1/2/2018 9:10,0,20,7
1/2/2018 9:11,0,20,7
1/2/2018 9:12,0,20,7
1/2/2018 9:13,0,20,7
1/2/2018 9:14,0,20,7
1/2/2018 9:15,0,20,7
1/2/2018 9:16,0,20,7
1/2/2018 9:17,0,20,7
1/2/2018 9:18,0,20,7
1/2/2018 9:19,0,20,7
1/2/2018 9:20,0,20,7
1/2/2018 9:21,0,20,7
1/2/2018 9:22,0,20,7
1/2/2018 9:23,0,20,7
1/2/2018 9:24,0,20,7
1/2/2018 9:25,0,20,7
1/2/2018 9:26,0,20,7
1/2/2018 9:27,0,20,7
1/2/2018 9:28,0,20,7
1/2/2018 9:29,0,20,7
1/2/2018 9:30,0,20,7
1/2/2018 9:31,0,20,7
1/2/2018 9:32,0,20,7
1/2/2018 9:33,0,20,7
1/2/2018 9:34,0,20,7
1/2/2018 9:35,0,20,7
1/2/2018 9:36,0,20,7
1/2/2018 9:37,0,20,7
1/2/2018 9:38,0,20,7
1/2/2018 9:39,0,20,7
1/2/2018 9:40,0,20,7
1/2/2018 9:41,0,20,7
1/2/2018 9:42,0,20,7
1/2/2018 9:43,0,20,7
1/2/2018 9:44,0,20,7
1/2/2018 9:45,0,20,7
1/2/2018 9:46,0,20,7
1/2/2018 9:47,0,20,7
1/2/2018 9:48,0,20,7
1/2/2018 9:49,0,20,7
1/2/2018 9:50,0,20,7
1/2/2018 9:51,0,20,7
1/2/2018 9:52,0,20,7
1/2/2018 9:53,0,20,7
1/2/2018 9:54,0,20,7
1/2/2018 9:55,0,20,7
1/2/2018 9:56,0,20,7
1/2/2018 9:57,0,20,7
1/2/2018 9:58,0,20,7
1/2/2018 9:59,0,20,7
1/2/2018 10:00,0,20,7
1/2/2018 10:01,0,20,7
1/2/2018 10:02,0,20,7
1/2/2018 10:03,0,20,7
1/2/2018 10:04,0,20,7
1/2/2018 10:05,0,20,7
1/2/2018 10:06,0,20,7
1/2/2018 10:07,0,20,7
1/2/2018 10:08,0,20,7
1/2/2018 10:09,0,20,7
1/2/2018 10:10,0,20,7
1/2/2018 10:11,0,20,7
1/2/2018 10:12,0,20,7
1/2/2018 10:13,0,20,7
1/2/2018 10:14,0,20,7
1/2/2018 10:15,0,20,7
1/2/2018 10:16,0,20,7
1/2/2018 10:17,0,20,7
1/2/2018 10:18,0,20,7
1/2/2018 10:19,0,20,7
1/2/2018 10:20,0,20,7
1/2/2018 10:21,0,20,7
1/2/2018 10:22,0,20,7
1/2/2018 10:23,0,20,7
1/2/2018 10:24,0,20,7
1/2/2018 10:25,0,20,7
1/2/2018 10:26,0,20,7
1/2/2018 10:27,0,20,7
1/2/2018 10:28,0,20,7
1/2/2018 10:29,0,20,7
1/2/2018 10:30,0,20,7
1/2/2018 10:31,0,20,7
1/2/2018 10:32,0,20,7
1/2/2018 10:33,0,20,7
1/2/2018 10:34,0,20,7
1/2/2018 10:35,0,20,7
1/2/2018 10:36,6.435200033,20,7
1/2/2018 10:37,6.435200033,20,7
1/2/2018 10:38,6.435200033,20,7
1/2/2018 10:39,6.435200033,20,7
1/2/2018 10:40,6.435200033,20,7
1/2/2018 10:41,1.892705892,20,7
1/2/2018 10:42,0,20,7
1/2/2018 10:43,0,20,7
1/2/2018 10:44,0,20,7
1/2/2018 10:45,0,20,7
1/2/2018 10:46,0,20,7
1/2/2018 10:47,0,20,7
1/2/2018 10:48,0,20,7
1/2/2018 10:49,0,20,7
1/2/2018 10:50,0,20,7
1/2/2018 10:51,0,20,7
1/2/2018 10:52,0,20,7
1/2/2018 10:53,0,20,7
1/2/2018 10:54,0,20,7
1/2/2018 10:55,0,20,7
1/2/2018 10:56,0,20,7
1/2/2018 10:57,0,20,7
1/2/2018 10:58,0,20,7
1/2/2018 10:59,0,20,7
1/2/2018 11:00,0,20,7
1/2/2018 11:01,0,20,7
1/2/2018 11:02,0,20,7
1/2/2018 11:03,0,20,7
1/2/2018 11:04,0,20,7
1/2/2018 11:05,0,20,7
1/2/2018 11:06,0,20,7
1/2/2018 11:07,0,20,7
1/2/2018 11:08,0,20,7
1/2/2018 11:09,0,20,7
1/2/2018 11:10,0,20,7
1/2/2018 11:11,0,20,7
1/2/2018 11:12,0,20,7
1/2/2018 11:13,0,20,7
1/2/2018 11:14,0,20,7
1/2/2018 11:15,0,20,7
1/2/2018 11:16,0,20,7
1/2/2018 11:17,0,20,7
1/2/2018 11:18,0,20,7
1/2/2018 11:19,0,20,7
1/2/2018 11:20,0,20,7
1/2/2018 11:21,0,20,7
1/2/2018 11:22,0,20,7
1/2/2018 11:23,0,20,7
1/2/2018 11:24,0,20,7
1/2/2018 11:25,0,20,7
1/2/2018 11:26,0,20,7
1/2/2018 11:27,0,20,7
1/2/2018 11:28,0,20,7
1/2/2018 11:29,0,20,7
1/2/2018 11:30,0,20,7
1/2/2018 11:31,0,20,7
1/2/2018 11:32,0,20,7
1/2/2018 11:33,0,20,7
1/2/2018 11:34,0,20,7
1/2/2018 11:35,0,20,7
1/2/2018 11:36,6.435200033,20,7
1/2/2018 11:37,6.435200033,20,7
1/2/2018 11:38,6.056658854,20,7
1/2/2018 11:39,0,20,7
1/2/2018 11:40,0,20,7
1/2/2018 11:41,0,20,7
1/2/2018 11:42,0,20,7
1/2/2018 11:43,0,20,7
1/2/2018 11:44,0,20,7
1/2/2018 11:45,0,20,7
1/2/2018 11:46,0,20,7
1/2/2018 11:47,0,20,7
1/2/2018 11:48,0,20,7
1/2/2018 11:49,0,20,7
1/2/2018 11:50,0,20,7
1/2/2018 11:51,0,20,7
1/2/2018 11:52,0,20,7
1/2/2018 11:53,0,20,7
1/2/2018 11:54,0,20,7
1/2/2018 11:55,0,20,7
1/2/2018 11:56,0,20,7
1/2/2018 11:57,0,20,7
1/2/2018 11:58,0,20,7
1/2/2018 11:59,0,20,7
1/2/2018 12:00,0,20,7
1/2/2018 12:01,0,20,7
1/2/2018 12:02,0,20,7
1/2/2018 12:03,0,20,7
1/2/2018 12:04,0,20,7
1/2/2018 12:05,0,20,7
1/2/2018 12:06,3.785411784,20,7
1/2/2018 12:07,0,20,7
1/2/2018 12:08,0,20,7
1/2/2018 12:09,0,20,7
1/2/2018 12:10,0,20,7
1/2/2018 12:11,0,20,7
1/2/2018 12:12,0,20,7
1/2/2018 12:13,0,20,7
1/2/2018 12:14,0,20,7
1/2/2018 12:15,0,20,7
1/2/2018 12:16,0,20,7
1/2/2018 12:17,0,20,7
1/2/2018 12:18,0,20,7
1/2/2018 12:19,0,20,7
1/2/2018 12:20,0,20,7
1/2/2018 12:21,0,20,7
1/2/2018 12:22,0,20,7
1/2/2018 12:23,0,20,7
1/2/2018 12:24,0,20,7
1/2/2018 12:25,0,20,7
1/2/2018 12:26,0,20,7
1/2/2018 12:27,0,20,7
1/2/2018 12:28,0,20,7
1/2/2018 12:29,0,20,7
1/2/2018 12:30,0,20,7
1/2/2018 12:31,0,20,7
1/2/2018 12:32,0,20,7
1/2/2018 12:33,0,20,7
1/2/2018 12:34,0,20,7
1/2/2018 12:35,0,20,7
1/2/2018 12:36,0,20,7
1/2/2018 12:37,0,20,7
1/2/2018 12:38,0,20,7
1/2/2018 12:39,0,20,7
1/2/2018 12:40,0,20,7
1/2/2018 12:41,0,20,7
1/2/2018 12:42,0,20,7
1/2/2018 12:43,0,20,7
1/2/2018 12:44,0,20,7
1/2/2018 12:45,0,20,7
1/2/2018 12:46,0,20,7
1/2/2018 12:47,0,20,7
1/2/2018 12:48,0,20,7
1/2/2018 12:49,0,20,7
1/2/2018 12:50,0,20,7
1/2/2018 12:51,3.785411784,20,7
1/2/2018 12:52,0,20,7
1/2/2018 12:53,0,20,7
1/2/2018 12:54,0,20,7
1/2/2018 12:55,0,20,7
1/2/2018 12:56,3.785411784,20,7
1/2/2018 12:57,0,20,7
1/2/2018 12:58,0,20,7
1/2/2018 12:59,0,20,7
1/2/2018 13:00,0,20,7
1/2/2018 13:01,0,20,7
1/2/2018 13:02,0,20,7
1/2/2018 13:03,0,20,7
1/2/2018 13:04,0,20,7
1/2/2018 13:05,0,20,7
1/2/2018 13:06,0,20,7
1/2/2018 13:07,0,20,7
1/2/2018 13:08,0,20,7
1/2/2018 13:09,0,20,7
1/2/2018 13:10,0,20,7
1/2/2018 13:11,0,20,7
1/2/2018 13:12,0,20,7
1/2/2018 13:13,0,20,7
1/2/2018 13:14,0,20,7
1/2/2018 13:15,0,20,7
1/2/2018 13:16,0,20,7
1/2/2018 13:17,0,20,7
1/2/2018 13:18,0,20,7
1/2/2018 13:19,0,20,7
1/2/2018 13:20,0,20,7
1/2/2018 13:21,0,20,7
1/2/2018 13:22,0,20,7
1/2/2018 13:23,0,20,7
1/2/2018 13:24,0,20,7
1/2/2018 13:25,0,20,7
1/2/2018 13:26,0,20,7
1/2/2018 13:27,0,20,7
1/2/2018 13:28,0,20,7
1/2/2018 13:29,0,20,7
1/2/2018 13:30,0,20,7
1/2/2018 13:31,0,20,7
1/2/2018 13:32,0,20,7
1/2/2018 13:33,0,20,7
1/2/2018 13:34,0,20,7
1/2/2018 13:35,0,20,7
1/2/2018 13:36,0,20,7
1/2/2018 13:37,0,20,7
1/2/2018 13:38,0,20,7
1/2/2018 13:39,0,20,7
1/2/2018 13:40,0,20,7
1/2/2018 13:41,0,20,7
1/2/2018 13:42,0,20,7
1/2/2018 13:43,0,20,7
1/2/2018 13:44,0,20,7
1/2/2018 13:45,0,20,7
1/2/2018 13:46,0,20,7
1/2/2018 13:47,0,20,7
1/2/2018 13:48,0,20,7
1/2/2018 13:49,0,20,7
1/2/2018 13:50,0,20,7
1/2/2018 13:51,0,20,7
1/2/2018 13:52,0,20,7
1/2/2018 13:53,0,20,7
1/2/2018 13:54,0,20,7
1/2/2018 13:55,0,20,7
1/2/2018 13:56,0,20,7
1/2/2018 13:57,0,20,7
1/2/2018 13:58,0,20,7
1/2/2018 13:59,0,20,7
1/2/2018 14:00,0,20,7
1/2/2018 14:01,0,20,7
1/2/2018 14:02,0,20,7
1/2/2018 14:03,0,20,7
1/2/2018 14:04,0,20,7
1/2/2018 14:05,0,20,7
1/2/2018 14:06,0,20,7
1/2/2018 14:07,0,20,7
1/2/2018 14:08,0,20,7
1/2/2018 14:09,0,20,7
1/2/2018 14:10,0,20,7
1/2/2018 14:11,0,20,7
1/2/2018 14:12,0,20,7
1/2/2018 14:13,0,20,7
1/2/2018 14:14,0,20,7
1/2/2018 14:15,0,20,7
1/2/2018 14:16,0,20,7
1/2/2018 14:17,0,20,7
1/2/2018 14:18,0,20,7
1/2/2018 14:19,0,20,7
1/2/2018 14:20,0,20,7
1/2/2018 14:21,0,20,7
1/2/2018 14:22,0,20,7
1/2/2018 14:23,0,20,7
1/2/2018 14:24,0,20,7
1/2/2018 14:25,0,20,7
1/2/2018 14:26,0,20,7
1/2/2018 14:27,0,20,7
1/2/2018 14:28,0,20,7
1/2/2018 14:29,0,20,7
1/2/2018 14:30,0,20,7
1/2/2018 14:31,0,20,7
1/2/2018 14:32,0,20,7
1/2/2018 14:33,0,20,7
1/2/2018 14:34,0,20,7
1/2/2018 14:35,0,20,7
1/2/2018 14:36,0,20,7
1/2/2018 14:37,0,20,7
1/2/2018 14:38,0,20,7
1/2/2018 14:39,0,20,7
1/2/2018 14:40,0,20,7
1/2/2018 14:41,0,20,7
1/2/2018 14:42,0,20,7
1/2/2018 14:43,0,20,7
1/2/2018 14:44,0,20,7
1/2/2018 14:45,0,20,7
1/2/2018 14:46,0,20,7
1/2/2018 14:47,0,20,7
1/2/2018 14:48,0,20,7
1/2/2018 14:49,0,20,7
1/2/2018 14:50,0,20,7
1/2/2018 14:51,0,20,7
1/2/2018 14:52,0,20,7
1/2/2018 14:53,0,20,7
1/2/2018 14:54,0,20,7
1/2/2018 14:55,0,20,7
1/2/2018 14:56,0,20,7
1/2/2018 14:57,0,20,7
1/2/2018 14:58,0,20,7
1/2/2018 14:59,0,20,7
1/2/2018 15:00,0,20,7
1/2/2018 15:01,0,20,7
1/2/2018 15:02,0,20,7
1/2/2018 15:03,0,20,7
1/2/2018 15:04,0,20,7
1/2/2018 15:05,0,20,7
1/2/2018 15:06,0,20,7
1/2/2018 15:07,0,20,7
1/2/2018 15:08,0,20,7
1/2/2018 15:09,0,20,7
1/2/2018 15:10,0,20,7
1/2/2018 15:11,0,20,7
1/2/2018 15:12,0,20,7
1/2/2018 15:13,0,20,7
1/2/2018 15:14,0,20,7
1/2/2018 15:15,0,20,7
1/2/2018 15:16,0,20,7
1/2/2018 15:17,0,20,7
1/2/2018 15:18,0,20,7
1/2/2018 15:19,0,20,7
1/2/2018 15:20,0,20,7
1/2/2018 15:21,0,20,7
1/2/2018 15:22,0,20,7
1/2/2018 15:23,0,20,7
1/2/2018 15:24,0,20,7
1/2/2018 15:25,0,20,7
1/2/2018 15:26,0,20,7
1/2/2018 15:27,0,20,7
1/2/2018 15:28,0,20,7
1/2/2018 15:29,0,20,7
1/2/2018 15:30,0,20,7
1/2/2018 15:31,0,20,7
1/2/2018 15:32,0,20,7
1/2/2018 15:33,0,20,7
1/2/2018 15:34,0,20,7
1/2/2018 15:35,0,20,7
1/2/2018 15:36,0,20,7
1/2/2018 15:37,0,20,7
1/2/2018 15:38,0,20,7
1/2/2018 15:39,0,20,7
1/2/2018 15:40,0,20,7
1/2/2018 15:41,0,20,7
1/2/2018 15:42,0,20,7
1/2/2018 15:43,0,20,7
1/2/2018 15:44,0,20,7
1/2/2018 15:45,0,20,7
1/2/2018 15:46,0,20,7
1/2/2018 15:47,0,20,7
1/2/2018 15:48,0,20,7
1/2/2018 15:49,0,20,7
1/2/2018 15:50,0,20,7
1/2/2018 15:51,0,20,7
1/2/2018 15:52,0,20,7
1/2/2018 15:53,0,20,7
1/2/2018 15:54,0,20,7
1/2/2018 15:55,0,20,7
1/2/2018 15:56,0,20,7
1/2/2018 15:57,0,20,7
1/2/2018 15:58,0,20,7
1/2/2018 15:59,0,20,7
1/2/2018 16:00,0,20,7
1/2/2018 16:01,0,20,7
1/2/2018 16:02,0,20,7
1/2/2018 16:03,0,20,7
1/2/2018 16:04,0,20,7
1/2/2018 16:05,0,20,7
1/2/2018 16:06,3.785411784,20,7
1/2/2018 16:07,0,20,7
1/2/2018 16:08,0,20,7
1/2/2018 16:09,0,20,7
1/2/2018 16:10,0,20,7
1/2/2018 16:11,0,20,7
1/2/2018 16:12,0,20,7
1/2/2018 16:13,0,20,7
1/2/2018 16:14,0,20,7
1/2/2018 16:15,0,20,7
1/2/2018 16:16,0,20,7
1/2/2018 16:17,0,20,7
1/2/2018 16:18,0,20,7
1/2/2018 16:19,0,20,7
1/2/2018 16:20,0,20,7
1/2/2018 16:21,3.785411784,20,7
1/2/2018 16:22,3.785411784,20,7
1/2/2018 16:23,0,20,7
1/2/2018 16:24,0,20,7
1/2/2018 16:25,0,20,7
1/2/2018 16:26,0,20,7
1/2/2018 16:27,0,20,7
1/2/2018 16:28,0,20,7
1/2/2018 16:29,0,20,7
1/2/2018 16:30,0,20,7
1/2/2018 16:31,0,20,7
1/2/2018 16:32,0,20,7
1/2/2018 16:33,0,20,7
1/2/2018 16:34,0,20,7
1/2/2018 16:35,0,20,7
1/2/2018 16:36,0,20,7
1/2/2018 16:37,0,20,7
1/2/2018 16:38,0,20,7
1/2/2018 16:39,0,20,7
1/2/2018 16:40,0,20,7
1/2/2018 16:41,0,20,7
1/2/2018 16:42,0,20,7
1/2/2018 16:43,0,20,7
1/2/2018 16:44,0,20,7
1/2/2018 16:45,0,20,7
1/2/2018 16:46,0,20,7
1/2/2018 16:47,0,20,7
1/2/2018 16:48,0,20,7
1/2/2018 16:49,0,20,7
1/2/2018 16:50,0,20,7
1/2/2018 16:51,6.435200033,20,7
1/2/2018 16:52,1.135623535,20,7
1/2/2018 16:53,0,20,7
1/2/2018 16:54,0,20,7
1/2/2018 16:55,0,20,7
1/2/2018 16:56,0,20,7
1/2/2018 16:57,0,20,7
1/2/2018 16:58,0,20,7
1/2/2018 16:59,0,20,7
1/2/2018 17:00,0,20,7
1/2/2018 17:01,0,20,7
1/2/2018 17:02,0,20,7
1/2/2018 17:03,0,20,7
1/2/2018 17:04,0,20,7
1/2/2018 17:05,0,20,7
1/2/2018 17:06,6.435200033,20,7
1/2/2018 17:07,6.435200033,20,7
1/2/2018 17:08,6.435200033,20,7
1/2/2018 17:09,6.435200033,20,7
1/2/2018 17:10,0.757082357,20,7
1/2/2018 17:11,0,20,7
1/2/2018 17:12,0,20,7
1/2/2018 17:13,0,20,7
1/2/2018 17:14,0,20,7
1/2/2018 17:15,0,20,7
1/2/2018 17:16,0,20,7
1/2/2018 17:17,0,20,7
1/2/2018 17:18,0,20,7
1/2/2018 17:19,0,20,7
1/2/2018 17:20,0,20,7
1/2/2018 17:21,0,20,7
1/2/2018 17:22,0,20,7
1/2/2018 17:23,0,20,7
1/2/2018 17:24,0,20,7
1/2/2018 17:25,0,20,7
1/2/2018 17:26,0,20,7
1/2/2018 17:27,0,20,7
1/2/2018 17:28,0,20,7
1/2/2018 17:29,0,20,7
1/2/2018 17:30,0,20,7
1/2/2018 17:31,0,20,7
1/2/2018 17:32,0,20,7
1/2/2018 17:33,0,20,7
1/2/2018 17:34,0,20,7
1/2/2018 17:35,0,20,7
1/2/2018 17:36,0,20,7
1/2/2018 17:37,0,20,7
1/2/2018 17:38,0,20,7
1/2/2018 17:39,0,20,7
1/2/2018 17:40,0,20,7
1/2/2018 17:41,0,20,7
1/2/2018 17:42,0,20,7
1/2/2018 17:43,0,20,7
1/2/2018 17:44,0,20,7
1/2/2018 17:45,0,20,7
1/2/2018 17:46,0,20,7
1/2/2018 17:47,0,20,7
1/2/2018 17:48,0,20,7
1/2/2018 17:49,0,20,7
1/2/2018 17:50,0,20,7
1/2/2018 17:51,0,20,7
1/2/2018 17:52,0,20,7
1/2/2018 17:53,0,20,7
1/2/2018 17:54,0,20,7
1/2/2018 17:55,0,20,7
1/2/2018 17:56,0,20,7
1/2/2018 17:57,0,20,7
1/2/2018 17:58,0,20,7
1/2/2018 17:59,0,20,7
1/2/2018 18:00,0,20,7
1/2/2018 18:01,0,20,7
1/2/2018 18:02,0,20,7
1/2/2018 18:03,0,20,7
1/2/2018 18:04,0,20,7
1/2/2018 18:05,0,20,7
1/2/2018 18:06,0,20,7
1/2/2018 18:07,0,20,7
1/2/2018 18:08,0,20,7
1/2/2018 18:09,0,20,7
1/2/2018 18:10,0,20,7
1/2/2018 18:11,0,20,7
1/2/2018 18:12,0,20,7
1/2/2018 18:13,0,20,7
1/2/2018 18:14,0,20,7
1/2/2018 18:15,0,20,7
1/2/2018 18:16,0,20,7
1/2/2018 18:17,0,20,7
1/2/2018 18:18,0,20,7
1/2/2018 18:19,0,20,7
1/2/2018 18:20,0,20,7
1/2/2018 18:21,0,20,7
1/2/2018 18:22,0,20,7
1/2/2018 18:23,0,20,7
1/2/2018 18:24,0,20,7
1/2/2018 18:25,0,20,7
1/2/2018 18:26,0,20,7
1/2/2018 18:27,0,20,7
1/2/2018 18:28,0,20,7
1/2/2018 18:29,0,20,7
1/2/2018 18:30,0,20,7
1/2/2018 18:31,0,20,7
1/2/2018 18:32,0,20,7
1/2/2018 18:33,0,20,7
1/2/2018 18:34,0,20,7
1/2/2018 18:35,0,20,7
1/2/2018 18:36,0,20,7
1/2/2018 18:37,0,20,7
1/2/2018 18:38,0,20,7
1/2/2018 18:39,0,20,7
1/2/2018 18:40,0,20,7
1/2/2018 18:41,0,20,7
1/2/2018 18:42,0,20,7
1/2/2018 18:43,0,20,7
1/2/2018 18:44,0,20,7
1/2/2018 18:45,0,20,7
1/2/2018 18:46,0,20,7
1/2/2018 18:47,0,20,7
1/2/2018 18:48,0,20,7
1/2/2018 18:49,0,20,7
1/2/2018 18:50,0,20,7
1/2/2018 18:51,0,20,7
1/2/2018 18:52,0,20,7
1/2/2018 18:53,0,20,7
1/2/2018 18:54,0,20,7
1/2/2018 18:55,0,20,7
1/2/2018 18:56,0,20,7
1/2/2018 18:57,0,20,7
1/2/2018 18:58,0,20,7
1/2/2018 18:59,0,20,7
1/2/2018 19:00,0,20,7
1/2/2018 19:01,0,20,7
1/2/2018 19:02,0,20,7
1/2/2018 19:03,0,20,7
1/2/2018 19:04,0,20,7
1/2/2018 19:05,0,20,7
1/2/2018 19:06,0,20,7
1/2/2018 19:07,0,20,7
1/2/2018 19:08,0,20,7
1/2/2018 19:09,0,20,7
1/2/2018 19:10,0,20,7
1/2/2018 19:11,0,20,7
1/2/2018 19:12,0,20,7
1/2/2018 19:13,0,20,7
1/2/2018 19:14,0,20,7
1/2/2018 19:15,0,20,7
1/2/2018 19:16,0,20,7
1/2/2018 19:17,0,20,7
1/2/2018 19:18,0,20,7
1/2/2018 19:19,0,20,7
1/2/2018 19:20,0,20,7
1/2/2018 19:21,0,20,7
1/2/2018 19:22,0,20,7
1/2/2018 19:23,0,20,7
1/2/2018 19:24,0,20,7
1/2/2018 19:25,0,20,7
1/2/2018 19:26,0,20,7
1/2/2018 19:27,0,20,7
1/2/2018 19:28,0,20,7
1/2/2018 19:29,0,20,7
1/2/2018 19:30,0,20,7
1/2/2018 19:31,0,20,7
1/2/2018 19:32,0,20,7
1/2/2018 19:33,0,20,7
1/2/2018 19:34,0,20,7
1/2/2018 19:35,0,20,7
1/2/2018 19:36,0,20,7
1/2/2018 19:37,0,20,7
1/2/2018 19:38,0,20,7
1/2/2018 19:39,0,20,7
1/2/2018 19:40,0,20,7
1/2/2018 19:41,0,20,7
1/2/2018 19:42,0,20,7
1/2/2018 19:43,0,20,7
1/2/2018 19:44,0,20,7
1/2/2018 19:45,0,20,7
1/2/2018 19:46,0,20,7
1/2/2018 19:47,0,20,7
1/2/2018 19:48,0,20,7
1/2/2018 19:49,0,20,7
1/2/2018 19:50,0,20,7
1/2/2018 19:51,0,20,7
1/2/2018 19:52,0,20,7
1/2/2018 19:53,0,20,7
1/2/2018 19:54,0,20,7
1/2/2018 19:55,0,20,7
1/2/2018 19:56,0,20,7
1/2/2018 19:57,0,20,7
1/2/2018 19:58,0,20,7
1/2/2018 19:59,0,20,7
1/2/2018 20:00,0,20,7
1/2/2018 20:01,0,20,7
1/2/2018 20:02,0,20,7
1/2/2018 20:03,0,20,7
1/2/2018 20:04,0,20,7
1/2/2018 20:05,0,20,7
1/2/2018 20:06,0,20,7
1/2/2018 20:07,0,20,7
1/2/2018 20:08,0,20,7
1/2/2018 20:09,0,20,7
1/2/2018 20:10,0,20,7
1/2/2018 20:11,0,20,7
1/2/2018 20:12,0,20,7
1/2/2018 20:13,0,20,7
1/2/2018 20:14,0,20,7
1/2/2018 20:15,0,20,7
1/2/2018 20:16,0,20,7
1/2/2018 20:17,0,20,7
1/2/2018 20:18,0,20,7
1/2/2018 20:19,0,20,7
1/2/2018 20:20,0,20,7
1/2/2018 20:21,0,20,7
1/2/2018 20:22,0,20,7
1/2/2018 20:23,0,20,7
1/2/2018 20:24,0,20,7
1/2/2018 20:25,0,20,7
1/2/2018 20:26,0,20,7
1/2/2018 20:27,0,20,7
1/2/2018 20:28,0,20,7
1/2/2018 20:29,0,20,7
1/2/2018 20:30,0,20,7
1/2/2018 20:31,0,20,7
1/2/2018 20:32,0,20,7
1/2/2018 20:33,0,20,7
1/2/2018 20:34,0,20,7
1/2/2018 20:35,0,20,7
1/2/2018 20:36,0,20,7
1/2/2018 20:37,0,20,7
1/2/2018 20:38,0,20,7
1/2/2018 20:39,0,20,7
1/2/2018 20:40,0,20,7
1/2/2018 20:41,0,20,7
1/2/2018 20:42,0,20,7
1/2/2018 20:43,0,20,7
1/2/2018 20:44,0,20,7
1/2/2018 20:45,0,20,7
1/2/2018 20:46,0,20,7
1/2/2018 20:47,0,20,7
1/2/2018 20:48,0,20,7
1/2/2018 20:49,0,20,7
1/2/2018 20:50,0,20,7
1/2/2018 20:51,0,20,7
1/2/2018 20:52,0,20,7
1/2/2018 20:53,0,20,7
1/2/2018 20:54,0,20,7
1/2/2018 20:55,0,20,7
1/2/2018 20:56,0,20,7
1/2/2018 20:57,0,20,7
1/2/2018 20:58,0,20,7
1/2/2018 20:59,0,20,7
1/2/2018 21:00,0,20,7
1/2/2018 21:01,0,20,7
1/2/2018 21:02,0,20,7
1/2/2018 21:03,0,20,7
1/2/2018 21:04,0,20,7
1/2/2018 21:05,0,20,7
1/2/2018 21:06,0,20,7
1/2/2018 21:07,0,20,7
1/2/2018 21:08,0,20,7
1/2/2018 21:09,0,20,7
1/2/2018 21:10,0,20,7
1/2/2018 21:11,0,20,7
1/2/2018 21:12,0,20,7
1/2/2018 21:13,0,20,7
1/2/2018 21:14,0,20,7
1/2/2018 21:15,0,20,7
1/2/2018 21:16,0,20,7
1/2/2018 21:17,0,20,7
1/2/2018 21:18,0,20,7
1/2/2018 21:19,0,20,7
1/2/2018 21:20,0,20,7
1/2/2018 21:21,0,20,7
1/2/2018 21:22,0,20,7
1/2/2018 21:23,0,20,7
1/2/2018 21:24,0,20,7
1/2/2018 21:25,0,20,7
1/2/2018 21:26,0,20,7
1/2/2018 21:27,0,20,7
1/2/2018 21:28,0,20,7
1/2/2018 21:29,0,20,7
1/2/2018 21:30,0,20,7
1/2/2018 21:31,0,20,7
1/2/2018 21:32,0,20,7
1/2/2018 21:33,0,20,7
1/2/2018 21:34,0,20,7
1/2/2018 21:35,0,20,7
1/2/2018 21:36,0,20,7
1/2/2018 21:37,0,20,7
1/2/2018 21:38,0,20,7
1/2/2018 21:39,0,20,7
1/2/2018 21:40,0,20,7
1/2/2018 21:41,0,20,7
1/2/2018 21:42,0,20,7
1/2/2018 21:43,0,20,7
1/2/2018 21:44,0,20,7
1/2/2018 21:45,0,20,7
1/2/2018 21:46,0,20,7
1/2/2018 21:47,0,20,7
1/2/2018 21:48,0,20,7
1/2/2018 21:49,0,20,7
1/2/2018 21:50,0,20,7
1/2/2018 21:51,0,20,7
1/2/2018 21:52,0,20,7
1/2/2018 21:53,0,20,7
1/2/2018 21:54,0,20,7
1/2/2018 21:55,0,20,7
1/2/2018 21:56,0,20,7
1/2/2018 21:57,0,20,7
1/2/2018 21:58,0,20,7
1/2/2018 21:59,0,20,7
1/2/2018 22:00,0,20,7
1/2/2018 22:01,0,20,7
1/2/2018 22:02,0,20,7
1/2/2018 22:03,0,20,7
1/2/2018 22:04,0,20,7
1/2/2018 22:05,0,20,7
1/2/2018 22:06,0,20,7
1/2/2018 22:07,0,20,7
1/2/2018 22:08,0,20,7
1/2/2018 22:09,0,20,7
1/2/2018 22:10,0,20,7
1/2/2018 22:11,0,20,7
1/2/2018 22:12,0,20,7
1/2/2018 22:13,0,20,7
1/2/2018 22:14,0,20,7
1/2/2018 22:15,0,20,7
1/2/2018 22:16,0,20,7
1/2/2018 22:17,0,20,7
1/2/2018 22:18,0,20,7
1/2/2018 22:19,0,20,7
1/2/2018 22:20,0,20,7
1/2/2018 22:21,0,20,7
1/2/2018 22:22,0,20,7
1/2/2018 22:23,0,20,7
1/2/2018 22:24,0,20,7
1/2/2018 22:25,0,20,7
1/2/2018 22:26,0,20,7
1/2/2018 22:27,0,20,7
1/2/2018 22:28,0,20,7
1/2/2018 22:29,0,20,7
1/2/2018 22:30,0,20,7
1/2/2018 22:31,0,20,7
1/2/2018 22:32,0,20,7
1/2/2018 22:33,0,20,7
1/2/2018 22:34,0,20,7
1/2/2018 22:35,0,20,7
1/2/2018 22:36,0,20,7
1/2/2018 22:37,0,20,7
1/2/2018 22:38,0,20,7
1/2/2018 22:39,0,20,7
1/2/2018 22:40,0,20,7
1/2/2018 22:41,0,20,7
1/2/2018 22:42,0,20,7
1/2/2018 22:43,0,20,7
1/2/2018 22:44,0,20,7
1/2/2018 22:45,0,20,7
1/2/2018 22:46,0,20,7
1/2/2018 22:47,0,20,7
1/2/2018 22:48,0,20,7
1/2/2018 22:49,0,20,7
1/2/2018 22:50,0,20,7
1/2/2018 22:51,0,20,7
1/2/2018 22:52,0,20,7
1/2/2018 22:53,0,20,7
1/2/2018 22:54,0,20,7
1/2/2018 22:55,0,20,7
1/2/2018 22:56,0,20,7
1/2/2018 22:57,0,20,7
1/2/2018 22:58,0,20,7
1/2/2018 22:59,0,20,7
1/2/2018 23:00,0,20,7
1/2/2018 23:01,0,20,7
1/2/2018 23:02,0,20,7
1/2/2018 23:03,0,20,7
1/2/2018 23:04,0,20,7
1/2/2018 23:05,0,20,7
1/2/2018 23:06,0,20,7
1/2/2018 23:07,0,20,7
1/2/2018 23:08,0,20,7
1/2/2018 23:09,0,20,7
1/2/2018 23:10,0,20,7
1/2/2018 23:11,0,20,7
1/2/2018 23:12,0,20,7
1/2/2018 23:13,0,20,7
1/2/2018 23:14,0,20,7
1/2/2018 23:15,0,20,7
1/2/2018 23:16,0,20,7
1/2/2018 23:17,0,20,7
1/2/2018 23:18,0,20,7
1/2/2018 23:19,0,20,7
1/2/2018 23:20,0,20,7
1/2/2018 23:21,0,20,7
1/2/2018 23:22,0,20,7
1/2/2018 23:23,0,20,7
1/2/2018 23:24,0,20,7
1/2/2018 23:25,0,20,7
1/2/2018 23:26,0,20,7
1/2/2018 23:27,0,20,7
1/2/2018 23:28,0,20,7
1/2/2018 23:29,0,20,7
1/2/2018 23:30,0,20,7
1/2/2018 23:31,0,20,7
1/2/2018 23:32,0,20,7
1/2/2018 23:33,0,20,7
1/2/2018 23:34,0,20,7
1/2/2018 23:35,0,20,7
1/2/2018 23:36,0,20,7
1/2/2018 23:37,0,20,7
1/2/2018 23:38,0,20,7
1/2/2018 23:39,0,20,7
1/2/2018 23:40,0,20,7
1/2/2018 23:41,0,20,7
1/2/2018 23:42,0,20,7
1/2/2018 23:43,0,20,7
1/2/2018 23:44,0,20,7
1/2/2018 23:45,0,20,7
1/2/2018 23:46,0,20,7
1/2/2018 23:47,0,20,7
1/2/2018 23:48,0,20,7
1/2/2018 23:49,0,20,7
1/2/2018 23:50,0,20,7
1/2/2018 23:51,0,20,7
1/2/2018 23:52,0,20,7
1/2/2018 23:53,0,20,7
1/2/2018 23:54,0,20,7
1/2/2018 23:55,0,20,7
1/2/2018 23:56,0,20,7
1/2/2018 23:57,0,20,7
1/2/2018 23:58,0,20,7
1/2/2018 23:59,0,20,7
