Time,Total Electric Power (kW),Total Reactive Power (kVAR),Total Gas Power (therms/hour),Total Electric Energy (kWh),Total Reactive Energy (kVARh),Total Gas Energy (therms),Lighting Electric Power (kW),Other Electric Power (kW),HVAC Cooling Electric Power (kW),HVAC Heating Electric Power (kW),EV Electric Power (kW),Other Gas Power (therms/hour),HVAC Heating Gas Power (therms/hour),Water Heating Gas Power (therms/hour),Grid Voltage (-),Lighting Reactive Power (kVAR),Other Reactive Power (kVAR),HVAC Cooling Reactive Power (kVAR),HVAC Heating Reactive Power (kVAR),EV Reactive Power (kVAR),Clothes Washer Electric Power (kW),Clothes Washer Reactive Power (kVAR),Clothes Dryer Electric Power (kW),Clothes Dryer Reactive Power (kVAR),Clothes Dryer Gas Power (therms/hour),Dishwasher Electric Power (kW),Dishwasher Reactive Power (kVAR),Refrigerator Electric Power (kW),Refrigerator Reactive Power (kVAR),Cooking Range Electric Power (kW),Cooking Range Reactive Power (kVAR),Cooking Range Gas Power (therms/hour),Exterior Lighting Electric Power (kW),Exterior Lighting Reactive Power (kVAR),Indoor Lighting Electric Power (kW),Indoor Lighting Reactive Power (kVAR),Basement Lighting Electric Power (kW),Basement Lighting Reactive Power (kVAR),MELs Electric Power (kW),MELs Reactive Power (kVAR),EV SOC (-),EV Unmet Load (kW),Water Heating Delivered (W),Water Heating COP (-),Water Heating Total Sensible Heat Gain (W),Water Heating Deadband Upper Limit (C),Water Heating Deadband Lower Limit (C),Hot Water Delivered (L/min),Hot Water Outlet Temperature (C),Hot Water Delivered (W),Hot Water Unmet Demand (kW),Hot Water Heat Injected (W),Hot Water Heat Loss (W),Hot Water Average Temperature (C),Hot Water Maximum Temperature (C),Hot Water Minimum Temperature (C),Hot Water Mains Temperature (C),HVAC Heating Delivered (W),HVAC Heating Duct Losses (W),HVAC Heating Setpoint (C),HVAC Heating Main Power (kW),HVAC Heating Fan Power (kW),HVAC Heating Latent Gains (W),HVAC Heating COP (-),HVAC Heating SHR (-),HVAC Heating Speed (-),HVAC Heating Capacity (W),HVAC Heating Max Capacity (W),HVAC Cooling Delivered (W),HVAC Cooling Duct Losses (W),HVAC Cooling Setpoint (C),HVAC Cooling Main Power (kW),HVAC Cooling Fan Power (kW),HVAC Cooling Latent Gains (W),HVAC Cooling COP (-),HVAC Cooling SHR (-),HVAC Cooling Speed (-),HVAC Cooling Capacity (W),HVAC Cooling Max Capacity (W),Temperature - Indoor (C),Temperature - Foundation (C),Temperature - Attic (C),Temperature - Outdoor (C),Temperature - Ground (C),Unmet HVAC Load (C),Occupancy (Persons),Net Sensible Heat Gain - Indoor (W),Net Sensible Heat Gain - Foundation (W),Net Sensible Heat Gain - Attic (W),Window Transmitted Solar Gain (W)
2018-01-01 00:00:00,0.3791770942655053,0.2555803101502493,1.0329766188058367,0.3791770942655052,0.2555803101502493,1.0329766188058367,0.03229223628739501,0.33688485797811024,0.010000000000000002,0.0,0.0,0.0,1.0329766188058367,0.0,1.0,0.0,0.2526636434835826,0.0029166666666666685,0.0,0.0,0.0,0.0,0.0,0.0,0.0,0.0,0.0,0.06438364263533634,0.04828773197650224,0.0,0.0,0.0,0.007888817705619396,0.0,0.016483740149359508,0.0,0.007919678432416108,0.0,0.2725012153427739,0.20437591150708034,1.0,0.0,0.0,0.0,85.61990613572847,50.0,44.44,0.0,51.33302251357429,0.0,0.0,0.0,133.78110333707573,51.33302251357429,51.33302251357429,51.33302251357429,10.042356980382465,18164.13632551352,0.0,19.0,30.273560542522528,0.0,0.0,0.6,1.0,0.7425343196677834,18164.13632551352,24462.352573333334,0.0,0.0,22.0,0.010000000000000002,0.0,0.0,0.0,0.0,0.0,0.0,1246.7579852858244,19.217663166164098,-14.392099527451975,-8.395135961179378,-18.0,6.529479366362011,0.0,4.0,3971.9405288913767,-9971.245243954296,-851.7207776337731,0.0
2018-01-01 01:00:00,0.3775675031996218,0.2543731168508367,1.1380782051270513,0.37756750319962185,0.2543731168508367,1.138078205127051,0.03229223628739501,0.3352752669122268,0.010000000000000002,0.0,0.0,0.0,1.1380782051270513,0.0,1.0,0.0,0.25145645018417,0.0029166666666666685,0.0,0.0,0.0,0.0,0.0,0.0,0.0,0.0,0.0,0.06277405156945293,0.04708053867708969,0.0,0.0,0.0,0.007888817705619396,0.0,0.016483740149359508,0.0,0.007919678432416108,0.0,0.2725012153427739,0.20437591150708034,1.0,0.0,0.0,0.0,83.94730777529072,50.0,44.44,0.0,50.53741550364135,0.0,0.0,0.0,131.16766839889175,50.53741550364136,50.53741550364136,50.53741550364135,10.042356980382465,20012.270646475437,0.0,19.0,33.35378441079239,0.0,0.0,0.6,1.0,0.818084466180535,20012.270646475437,24462.352573333334,0.0,0.0,22.0,0.010000000000000002,0.0,0.0,0.0,0.0,0.0,0.0,1247.6572601350463,19.04943476260596,-15.884913006832269,-12.95442620364851,-17.3,6.529479366362011,0.0,4.0,5871.258547214117,-4658.187834157634,-372.3359794136697,0.0
2018-01-01 02:00:00,0.3759579121337384,0.25316592355142414,1.1499341733006456,0.3759579121337384,0.2531659235514241,1.1499341733006454,0.03229223628739501,0.33366567584634343,0.010000000000000002,0.0,0.0,0.0,1.1448383941310671,0.005095779169578458,1.0,0.0,0.25024925688475746,0.0029166666666666685,0.0,0.0,0.0,0.0,0.0,0.0,0.0,0.0,0.0,0.06116446050356953,0.04587334537767714,0.0,0.0,0.0,0.007888817705619396,0.0,0.016483740149359508,0.0,0.007919678432416108,0.0,0.2725012153427739,0.20437591150708034,1.0,0.0,115.5995123276108,0.0,82.6992473635092,50.0,44.44,0.0,50.013348068244916,0.0,0.0,115.5995123276108,129.21757400548313,50.013348068244916,50.013348068244916,50.013348068244916,10.042356980382465,20131.14361263912,0.0,19.0,33.5519060210652,0.0,0.0,0.6,1.0,0.8229438911196256,20131.14361263912,24462.352573333334,0.0,0.0,22.0,0.010000000000000002,0.0,0.0,0.0,0.0,0.0,0.0,1262.3661878921475,19.04920661259925,-14.500389645663255,-14.078115212928276,-15.950000000000001,6.529479366362011,0.0,4.0,6614.450365450412,-4185.219756628158,-197.61612166794248,0.0
2018-01-01 03:00:00,0.37434832106785504,0.2519587302520116,1.1456946623644668,0.374348321067855,0.2519587302520116,1.1456946623644668,0.03229223628739501,0.33205608478046,0.010000000000000002,0.0,0.0,0.0,1.139999835301958,0.0056948270625088344,1.0,0.0,0.2490420635853449,0.0029166666666666685,0.0,0.0,0.0,0.0,0.0,0.0,0.0,0.0,0.0,0.05955486943768611,0.04466615207826457,0.0,0.0,0.0,0.007888817705619396,0.0,0.016483740149359508,0.0,0.007919678432416108,0.0,0.2725012153427739,0.20437591150708034,1.0,0.0,129.18912089955424,0.0,82.68103757960439,50.0,44.44,0.0,49.999741425694516,0.0,0.0,129.18912089955424,129.18912121813187,49.999741425694516,49.99974142569453,49.999741425694516,10.042356980382465,20046.06110390571,0.0,19.0,33.41010183984285,0.0,0.0,0.6,1.0,0.8194657911094835,20046.06110390571,24462.352573333334,0.0,0.0,22.0,0.010000000000000002,0.0,0.0,0.0,0.0,0.0,0.0,1274.2188614958266,19.048978462592544,-13.335768630701573,-13.940041673973779,-14.850000000000001,6.529479366362011,0.0,4.0,7075.489654699652,-3926.323557504011,-143.23393005160554,0.0
2018-01-01 04:00:00,0.3933537477458023,0.26569515198752536,1.1285468608593288,0.39335374774580234,0.26569515198752536,1.1285468608593285,0.03298243398465735,0.350371313761145,0.010000000000000002,0.0,0.0,0.0,1.1228524093746233,0.0056944514847055185,1.0,0.0,0.2627784853208587,0.0029166666666666685,0.0,0.0,0.0,0.0,0.0,0.0,0.0,0.0,0.0,0.05794527837180271,0.04345895877885201,0.0,0.0,0.0,0.007888817705619396,0.0,0.016949946941462603,0.0,0.00814366933757535,0.0,0.2924260353893423,0.21931952654200668,1.0,0.0,129.18060078723002,0.0,82.67558227305896,50.0,44.44,0.0,49.99974143895434,0.0,0.0,129.18060078723002,129.18059730165461,49.99974143895434,49.99974143895434,49.99974143895434,10.042356980382465,19744.53619375254,0.0,19.0,32.90756032292091,0.0,0.0,0.6,1.0,0.8071397112997327,19744.53619375254,24462.352573333334,0.0,0.0,22.0,0.010000000000000002,0.0,0.0,0.0,0.0,0.0,0.0,1286.8345926204831,19.051020613399892,-12.286403396852032,-13.460128004410556,-13.700000000000001,6.529479366362011,0.0,3.0,7314.937052190825,-3367.8782787529285,-119.4596187431783,0.0
2018-01-01 05:00:00,0.44121553976951383,0.2845944298258145,1.0777118459469892,0.4412155397695137,0.2845944298258145,1.0777118459469892,0.05564518889064987,0.37557035087886387,0.010000000000000002,0.0,0.0,0.0,1.0720184726294186,0.00569337331757054,1.0,0.0,0.28167776315914783,0.0029166666666666685,0.0,0.0,0.0,0.0,0.0,0.0,0.0,0.0,0.0,0.05794527837180271,0.04345895877885201,0.0,0.0,0.0,0.006345353371911252,0.0,0.03330048515022123,0.0,0.01599935036851739,0.0,0.3176250725070612,0.23821880438029583,1.0,0.0,129.15614219299673,0.0,82.65992516424573,50.0,44.44,0.0,49.9997414822864,0.0,0.0,129.15614219299673,129.15613306913394,49.9997414822864,49.9997414822864,49.9997414822864,10.042356980382465,18850.6586943084,0.0,19.0,31.417764490514003,0.0,0.0,0.6,1.0,0.7705987655029426,18850.6586943084,24462.352573333334,0.0,0.0,22.0,0.010000000000000002,0.0,0.0,0.0,0.0,0.0,0.0,1306.7392930523467,19.05688173083538,-10.774212373420534,-12.697389545511319,-12.049999999999999,6.529479366362011,0.0,3.0,7395.276923764571,-2692.8280537805426,-85.12301465967127,0.0
2018-01-01 06:00:00,1.0539382845073273,0.5475315481118257,1.181531842930582,1.0539382845073273,0.5475315481118256,1.181531842930582,0.1055880290456059,0.9383502554617215,0.010000000000000002,0.0,0.0,0.16981379868773216,0.9753961758663032,0.03632186837654667,1.0,0.0,0.544614881445159,0.0029166666666666685,0.0,0.0,0.16326810636063485,0.19088156776360543,0.37460972368683737,0.05337899462086674,0.16981379868773216,0.0,0.0,0.06116446050356953,0.04587334537767714,0.0,0.0,0.0,0.006002361297753889,0.0,0.06726698000344689,0.0,0.03231868774440513,0.0,0.33930796491067977,0.2544809736830097,1.0,0.0,823.9741424084913,0.0,82.39447612247878,50.0,44.44,0.24968196798996212,49.99863427899374,695.5170594653827,0.0,823.9741424084913,128.7413689413731,49.99863427899374,49.99863427899374,49.99863427899374,10.042356980382465,17151.626462079974,0.0,19.0,28.58604410346663,0.0,0.0,0.6,1.0,0.7011437845425031,17151.626462079974,24462.352573333334,0.0,0.0,22.0,0.010000000000000002,0.0,0.0,0.0,0.0,0.0,0.0,1325.998070743452,19.15322370100729,-9.17881955872991,-11.53944165767107,-10.4,6.529479366362011,0.0,3.0,7577.069758533001,-2413.3110659693,-63.114165168537504,0.0
2018-01-01 07:00:00,1.0105395188266508,0.3891415397225377,1.1317734257328906,1.0105395188266506,0.3891415397225377,1.1317734257328906,0.12858745570233435,0.8719520631243164,0.010000000000000002,0.0,0.0,0.19978093963262608,0.8927182525749352,0.039274233525329334,1.0,0.0,0.386224873055871,0.0029166666666666685,0.0,0.0,0.0,0.0,0.4407173219845146,0.0627988172010197,0.19978093963262608,0.0,0.0,0.06438364263533634,0.04828773197650224,0.0,0.0,0.0,0.0058308652606752056,0.0,0.08291820802405085,0.0,0.039838382417608294,0.0,0.3668510985044655,0.2751383238783491,1.0,0.0,890.9495665889199,0.0,82.28203901241669,50.0,44.44,0.2735861767892853,49.99793426380214,762.1005945515868,0.0,890.9495665889199,128.56568595690106,49.99793426380214,49.997934263802144,49.99793426380214,10.042356980382465,15697.795811478352,0.0,19.0,26.162993019130585,0.0,0.0,0.6,1.0,0.641712434011383,15697.795811478352,24462.352573333334,0.0,0.0,22.0,0.010000000000000002,0.0,0.0,0.0,0.0,0.0,0.0,1346.0214997655917,19.194716219853632,-7.701296995285172,-10.239817192147648,-8.7,6.529479366362011,0.0,3.0,7254.2572383170855,-1695.4626947117242,-28.07150902154282,34.33852255640937
2018-01-01 08:00:00,0.7453040049839522,0.3318258313575894,0.9683466351680355,0.7453040049839521,0.33182583135758936,0.9683466351680354,0.08256711263282876,0.6527368923511234,0.010000000000000002,0.0,0.0,0.11986856377957562,0.8371961901919128,0.01128188119654703,1.0,0.0,0.32890916469092274,0.0029166666666666685,0.0,0.0,0.0,0.0,0.26443039319070877,0.03767929032061181,0.11986856377957562,0.0,0.0,0.06599323370121975,0.04949492527591479,0.0,0.0,0.0,0.005659369223596524,0.0,0.05194875683434511,0.0,0.024958986574887123,0.0,0.3223132654591949,0.2417349490943961,1.0,0.0,255.93337565426043,0.0,82.3911279549428,50.0,44.44,0.04566048975344897,49.99948674017389,127.19623134073639,0.0,255.93337565426043,128.73613742959813,49.99948674017389,49.99948674017389,49.99948674017389,10.042356980382465,14721.481060651982,0.0,19.0,24.535801767753302,0.0,0.0,0.6,1.0,0.6018015240570125,14721.481060651982,24462.352573333334,0.0,0.0,22.0,0.010000000000000002,0.0,0.0,0.0,0.0,0.0,0.0,1365.4711913690483,19.15692296747832,-5.859592324354042,-8.553106487423593,-6.800000000000001,6.529479366362011,0.0,1.0,6749.789996692488,-1196.367860796612,0.5386730901789841,279.3773010835925
2018-01-01 09:00:00,0.48198812502859956,0.29414654103697757,0.7650129494038079,0.4819881250285995,0.29414654103697757,0.7650129494038078,0.0836816258681849,0.38830649916041465,0.010000000000000002,0.0,0.0,0.0,0.7537139557539813,0.011298993649826705,1.0,0.0,0.2912298743703109,0.0029166666666666685,0.0,0.0,0.0,0.0,0.0,0.0,0.0,0.0,0.0,0.06599323370121975,0.04949492527591479,0.0,0.0,0.0,0.004801889038203111,0.0,0.05328077624035396,0.0,0.02559896058962782,0.0,0.3223132654591949,0.2417349490943961,1.0,0.0,256.3215775735408,0.0,82.64022157569393,50.0,44.44,0.045660490889451406,49.99948696718778,127.19623134073636,0.0,256.3215775735408,129.12534621202175,49.99948696718778,49.999486967187785,49.99948696718778,10.042356980382465,13253.50718836621,0.0,19.0,22.089178647277013,0.0,0.0,0.6,1.0,0.5417920107493666,13253.50718836621,24462.352573333334,0.0,0.0,22.0,0.010000000000000002,0.0,0.0,0.0,0.0,0.0,0.0,1385.7830985198732,19.063677173997032,-3.854209628357373,-5.969808398016382,-4.05,6.529479366362011,0.0,1.0,6263.944753362183,38.631765675875236,54.017981240020646,924.4022486671244
2018-01-01 10:00:00,0.4603248351621816,0.2867128414730124,0.5964958140784453,0.46032483516218153,0.28671284147301235,0.5964958140784453,0.07192993542038714,0.37839489974179447,0.010000000000000002,0.0,0.0,0.0,0.5908035961247046,0.0056922179537407915,1.0,0.0,0.2837961748063457,0.0029166666666666685,0.0,0.0,0.0,0.0,0.0,0.0,0.0,0.0,0.0,0.06438364263533634,0.04828773197650224,0.0,0.0,0.0,0.003772912815731015,0.0,0.04603792072018084,0.0,0.022119101884475287,0.0,0.3140112571064581,0.23550844282984348,1.0,0.0,129.12993236505181,0.0,82.64315664611838,50.0,44.44,0.0,49.9997415437387,0.0,0.0,129.12993236505181,129.12993225955998,49.9997415437387,49.99974154373871,49.9997415437387,10.042356980382465,10388.84798188244,0.0,19.0,17.314746636470733,0.0,0.0,0.6,1.0,0.4246871984507095,10388.84798188244,24462.352573333334,0.0,0.0,22.0,0.010000000000000002,0.0,0.0,0.0,0.0,0.0,0.0,1407.3414067109063,19.063158903529928,-0.7108933406910155,-1.483134626672627,-0.40000000000000013,6.529479366362011,0.0,0.8333333333333334,5274.057712698445,635.3290183448158,-33.94415416659391,1308.3646470337032
2018-01-01 11:00:00,0.373860717116066,0.2555803101502493,0.5148569740053562,0.37386071711606605,0.2555803101502493,0.5148569740053561,0.02697585913795585,0.33688485797811024,0.010000000000000002,0.0,0.0,0.0,0.4789733686405262,0.03588360536482997,1.0,0.0,0.2526636434835826,0.0029166666666666685,0.0,0.0,0.0,0.0,0.0,0.0,0.0,0.0,0.0,0.06438364263533634,0.04828773197650224,0.0,0.0,0.0,0.0025724405561802378,0.0,0.016483740149359508,0.0,0.007919678432416108,0.0,0.2725012153427739,0.20437591150708034,1.0,0.0,814.0319944582551,0.0,82.67324832078417,50.0,44.44,0.2459420163418231,49.998624791834295,685.1098598141251,0.0,814.0319944582551,129.17695050122526,49.998624791834295,49.99862479183431,49.998624791834295,10.042356980382465,8422.395440406652,0.0,19.0,14.037325734011084,0.0,0.0,0.6,1.0,0.34430030452541155,8422.395440406652,24462.352573333334,0.0,0.0,22.0,0.010000000000000002,0.0,0.0,0.0,0.0,0.0,0.0,1417.7014262285268,19.048899682590203,2.3241954385671844,3.567495089476014,2.1,6.529479366362011,0.0,0.0,4216.072728374688,1122.4683700910957,-58.391204651384584,1282.0513811698713
2018-01-01 12:00:00,0.498000382840522,0.3064881925977078,0.47568896666735777,0.498000382840522,0.30648819259770776,0.47568896666735777,0.08323834826580044,0.4047620345747216,0.010000000000000002,0.0,0.0,0.0,0.40317102090645646,0.07251794576090133,1.0,0.0,0.30357152593104114,0.0029166666666666685,0.0,0.0,0.0,0.0,0.0,0.0,0.0,0.0,0.0,0.06760282476710315,0.05070211857532734,0.0,0.0,0.0,0.00205795244494419,0.0,0.054834798880697616,0.0,0.02634559694015863,0.0,0.33715920980761843,0.2528694073557138,1.0,0.0,1645.0946726668692,0.0,82.63074513145939,50.0,44.44,0.544342670083962,49.996982231776144,1516.2598370935402,0.0,1645.0946726668692,129.1105392679053,49.996982231776144,49.99698223177615,49.996982231776144,10.042356980382465,7089.466743891372,0.0,19.0,11.815777906485621,0.0,0.0,0.6,1.0,0.2898113222200744,7089.466743891372,24462.352573333334,0.0,0.0,22.0,0.010000000000000002,0.0,0.0,0.0,0.0,0.0,0.0,1421.8758761619217,19.061028341754355,3.585847185444898,7.141358065252548,3.6,6.529479366362011,0.0,1.1666666666666667,3332.9004191249187,994.1195422588168,-349.52276280777454,1222.4993526903388
2018-01-01 13:00:00,0.5835336520328118,0.34106361561969417,0.4023005956146286,0.5835336520328118,0.34106361561969417,0.40230059561462855,0.1226710534287751,0.4508625986040367,0.010000000000000002,0.0,0.0,0.0,0.3648450803826664,0.03745551523196217,1.0,0.0,0.3381469489530275,0.0029166666666666685,0.0,0.0,0.0,0.0,0.0,0.0,0.0,0.0,0.0,0.06760282476710315,0.05070211857532734,0.0,0.0,0.0,0.0018864564078655075,0.0,0.081586188618042,0.0,0.0391984084028676,0.0,0.3832597738369336,0.28744483037770013,1.0,0.0,849.6913132820091,0.0,82.59528253580875,50.0,44.44,0.25851120055079385,49.99777029427943,720.1056483311531,0.0,849.6913132820091,129.05512896220117,49.99777029427943,49.997770294279434,49.99777029427943,10.042356980382465,6415.533185470242,0.0,19.0,10.69255530911707,0.0,0.0,0.6,1.0,0.26226149615977173,6415.533185470242,24462.352573333334,0.0,0.0,22.0,0.010000000000000002,0.0,0.0,0.0,0.0,0.0,0.0,1424.1537542230383,19.07751960884192,4.279666522061581,8.245893500554285,3.85,6.529479366362011,0.0,2.5,2607.6996862994656,680.4561938632156,-617.1782191721358,1271.2321436208074
2018-01-01 14:00:00,0.631005932319939,0.35688626683314556,0.3482373954658762,0.6310059323199388,0.3568862668331455,0.3482373954658762,0.14904646543130026,0.4719594668886386,0.010000000000000002,0.0,0.0,0.0,0.3242150223721508,0.024022373093725426,1.0,0.0,0.3539696001664789,0.0029166666666666685,0.0,0.0,0.0,0.0,0.0,0.0,0.0,0.0,0.0,0.06760282476710315,0.05070211857532734,0.0,0.0,0.0,0.0018864564078655075,0.0,0.09940194817341036,0.0,0.0477580608500244,0.0,0.40435664212153544,0.3032674815911515,1.0,0.0,544.9558393670147,0.0,82.58837135882456,50.0,44.44,0.14930669623458417,49.99890923748103,415.91148660621747,0.0,544.9558393670147,129.04433024816336,49.99890923748103,49.99890923748103,49.99890923748103,10.042356980382465,5701.083410731199,0.0,19.0,9.501805684551998,0.0,0.0,0.6,1.0,0.2330554019136332,5701.083410731199,24462.352573333334,0.0,0.0,22.0,0.010000000000000002,0.0,0.0,0.0,0.0,0.0,0.0,1425.3848925514842,19.08176936752434,3.9132620076729783,7.640665556012487,3.5999999999999996,6.529479366362011,0.0,3.0,2031.495106751838,844.9269189691198,-593.954530056671,1364.130376932184
2018-01-01 15:00:00,0.7153757897297042,0.38776389404989836,0.28988718651293727,0.7153757897297042,0.3877638940498983,0.2898871865129372,0.18890432906096352,0.5164714606687406,0.010000000000000002,0.0,0.0,0.003341824157764996,0.2808588896027109,0.00568647275246138,1.0,0.0,0.3848472273832317,0.0029166666666666685,0.0,0.0,0.0,0.0,0.0,0.0,0.0,0.0,0.0,0.06599323370121975,0.04949492527591479,0.003341824157764996,0.0,0.003341824157764996,0.00205795244494419,0.0,0.12620883871933844,0.0,0.060637537896680895,0.0,0.4471364028097559,0.3353523021073168,1.0,0.0,128.99960048762495,0.0,82.55974062243223,50.0,44.44,0.0,49.99974179895705,0.0,0.0,128.99960048762495,128.99959472255037,49.99974179895705,49.99974179895705,49.99974179895705,10.042356980382465,4938.697610477962,0.0,19.0,8.231162684129938,0.0,0.0,0.6,1.0,0.2018897240432095,4938.697610477962,24462.352573333334,0.0,0.0,22.0,0.010000000000000002,0.0,0.0,0.0,0.0,0.0,0.0,1426.1054170399611,19.09438505863347,3.751977144288574,7.253531174273012,3.0500000000000003,6.529479366362011,0.0,3.0,1714.3376203644332,-81.53425238548749,-563.1813729031201,1264.068603115389
2018-01-01 16:00:00,1.9255605663307944,0.403691980447487,0.32528210323935675,1.9255605663307944,0.40369198044748694,0.32528210323935675,0.23102366480106737,0.6012035681963939,0.010000000000000002,0.0,1.0833333333333333,0.06683648315529993,0.22478577165587313,0.03365984842818368,1.0,0.0,0.4007753137808203,0.0029166666666666685,0.0,0.0,0.0,0.0,0.0,0.0,0.0,0.0,0.0,0.07082200689886999,0.05311650517415247,0.06683648315529993,0.0,0.06683648315529993,0.0032584247044949674,0.0,0.15384824139402206,0.0,0.07391699870255033,0.0,0.46354507814222395,0.34765880860666787,0.5043333333333333,0.0,763.5852994864402,0.0,82.09817394371662,50.0,44.44,0.22806607276039048,49.99847292317289,635.3081607706621,0.0,763.5852994864402,128.27839678705723,49.99847292317289,49.9984729231729,49.99847292317289,10.042356980382465,3952.692951669315,0.0,19.0,6.587821586115525,0.0,0.0,0.6,1.0,0.16158269895832453,3952.692951669315,24462.352573333334,0.0,0.0,22.0,0.010000000000000002,0.0,0.0,0.0,0.0,0.0,0.0,1423.974457037324,19.264270526351726,1.6072121031089728,5.711402547417751,0.8000000000000002,6.529479366362011,0.0,3.0,1893.252510994878,-1206.090149036059,-531.0219153202728,733.2104307745122
2018-01-01 17:00:00,2.217643214295192,0.49523244570028374,0.3920072244037429,2.217643214295192,0.49523244570028374,0.39200722440374286,0.3987720441010707,0.7255378368607884,0.010000000000000002,0.0,1.0833333333333333,0.053396335540912575,0.31329812042804744,0.025312768434782914,1.0,0.0,0.49231577903361706,0.0029166666666666685,0.0,0.0,0.0,0.0,0.04407173219845145,0.006279881720101969,0.019978093963262604,0.0,0.0,0.07726037116240361,0.057945278371802696,0.033418241577649964,0.0,0.033418241577649964,0.006345353371911252,0.0,0.265071861795761,0.0,0.12735482893339842,0.0,0.5707874919222834,0.4280906189417124,0.5243333333333332,0.0,574.2289038331123,0.0,82.11669641927152,50.0,44.44,0.16021474637414793,49.99923269052229,446.3046733307535,0.0,574.2289038331123,128.30733815511175,49.99923269052229,49.99923269052229,49.99923269052229,10.042356980382465,5509.117695772234,0.0,19.0,9.181862826287057,0.0,0.0,0.6,1.0,0.22520800807105448,5509.117695772234,24462.352573333334,0.0,0.0,22.0,0.010000000000000002,0.0,0.0,0.0,0.0,0.0,0.0,1421.0367185894502,19.25839681867491,-0.7220828466345406,2.725269857750597,-1.4000000000000001,6.529479366362011,0.0,4.0,2064.8155454475896,-1252.7687095099811,-510.07825487008057,121.78647353016555
2018-01-01 18:00:00,2.7225300297780723,0.7300793316887804,0.5758312511178206,2.7225300297780723,0.7300793316887803,0.5758312511178206,0.47149309412287344,1.1577036023218656,0.010000000000000002,0.0,1.0833333333333333,0.0865717405074713,0.4586369717451088,0.030622538865240582,1.0,0.0,0.7271626650221137,0.0029166666666666685,0.0,0.0,0.16326810636063485,0.19088156776360543,0.19097750619328965,0.027212820787108533,0.0865717405074713,0.15394901690853757,0.021936546826847068,0.08047955329417043,0.06035966497062781,0.0,0.0,0.0,0.008403305816855444,0.0,0.3128025571777447,0.0,0.15028723112827333,0.0,0.5690294195652332,0.4267720646739248,0.544333333333333,0.0,694.6828819012495,0.0,82.21575576728388,50.0,44.44,0.20325653409525324,49.998584826078115,566.1959409565535,0.0,694.6828819012495,128.46211838638104,49.998584826078115,49.99858482607812,49.998584826078115,10.042356980382465,8064.794814358459,0.0,19.0,13.441324690597432,0.0,0.0,0.6,1.0,0.3296818975273039,8064.794814358459,24462.352573333334,0.0,0.0,22.0,0.010000000000000002,0.0,0.0,0.0,0.0,0.0,0.0,1410.983854385762,19.220556556143162,-2.490255241458492,-0.5351752389339102,-3.6,6.529479366362011,0.0,3.8333333333333335,2845.159339601941,-2257.7804683402082,-460.20556651563993,0.0
2018-01-01 19:00:00,2.558587751969186,0.5209507976965314,0.6336672440740646,2.5585877519691858,0.5209507976965314,0.6336672440740646,0.5002016107560014,0.9650528078798511,0.010000000000000002,0.0,1.0833333333333333,0.0,0.5670041727595015,0.06666307131456319,1.0,0.0,0.5180341310298647,0.0029166666666666685,0.0,0.0,0.0,0.0,0.0,0.0,0.0,0.33868783719878265,0.04826040301906356,0.07726037116240361,0.057945278371802696,0.0,0.0,0.0,0.011147242410114366,0.0,0.33034081269019455,0.0,0.15871355565569248,0.0,0.5491045995186649,0.4118284496389985,0.5643333333333328,0.0,1512.274821528762,0.0,82.32645410042021,50.0,44.44,0.49696393803135885,49.99766081964734,1384.3293607722635,0.0,1512.274821528762,128.63508453190659,49.99766081964734,49.99766081964736,49.99766081964734,10.042356980382465,9970.352574915813,0.0,19.0,16.61725429152635,0.0,0.0,0.6,1.0,0.4075794650177922,9970.352574915813,24462.352573333334,0.0,0.0,22.0,0.010000000000000002,0.0,0.0,0.0,0.0,0.0,0.0,1400.989770437207,19.175753572477216,-4.387173192326166,-3.051051546629189,-5.3,6.529479366362011,0.0,4.0,3533.8180650866466,-1940.2620688238276,-349.0435682892551,0.0
2018-01-01 20:00:00,2.1070151205683185,0.44643067029009065,0.6944331275337815,2.1070151205683185,0.4464306702900906,0.6944331275337815,0.4223297824037536,0.5913520048312322,0.010000000000000002,0.0,1.0833333333333333,0.0,0.6224919483938854,0.07194117913989606,1.0,0.0,0.44351400362342397,0.0029166666666666685,0.0,0.0,0.0,0.0,0.0,0.0,0.0,0.0,0.0,0.07565078009652021,0.05673808507239014,0.0,0.0,0.0,0.015606139374160109,0.0,0.2747290024893251,0.0,0.13199464054026844,0.0,0.5157012247347119,0.3867759185510338,0.5843333333333326,0.0,1632.0105224522968,0.0,82.4155614461726,50.0,44.44,0.5394624936518312,49.99611231497389,1502.6132579551986,0.0,1632.0105224522968,128.77431475964468,49.99611231497389,49.99611231497389,49.99611231497389,10.042356980382465,10946.06441841099,0.0,19.0,18.243440697351648,0.0,0.0,0.6,1.0,0.44746572863737594,10946.06441841099,24462.352573333334,0.0,0.0,22.0,0.010000000000000002,0.0,0.0,0.0,0.0,0.0,0.0,1395.9501843395321,19.141178115181557,-4.862279018117346,-4.329857067718296,-5.849999999999999,6.529479366362011,0.0,4.0,4200.971096726672,-2023.3649459431172,-216.10540078969322,0.0
2018-01-01 21:00:00,1.9865379138700667,0.42896130768796414,0.7126293599064489,1.9865379138700665,0.42896130768796414,0.712629359906449,0.32514505917500325,0.5680595213617301,0.010000000000000002,0.0,1.0833333333333333,0.0,0.6583876683103855,0.05424169159606351,1.0,0.0,0.42604464102129747,0.0029166666666666685,0.0,0.0,0.0,0.0,0.0,0.0,0.0,0.0,0.0,0.07404118903063679,0.05553089177297758,0.0,0.0,0.0,0.018007083893261663,0.0,0.20746202248587822,0.0,0.09967595279586332,0.0,0.4940183323310932,0.37051374924831987,0.6043333333333324,0.0,1230.4915279223749,0.0,82.46582495235364,50.0,44.44,0.39548200220034396,49.99753838371427,1101.63991720243,0.0,1230.4915279223749,128.85285148805258,49.99753838371427,49.99753838371428,49.99753838371427,10.042356980382465,11577.264329614702,0.0,19.0,19.29544054935784,0.0,0.0,0.6,1.0,0.47326863983782164,11577.264329614702,24462.352573333334,0.0,0.0,22.0,0.010000000000000002,0.0,0.0,0.0,0.0,0.0,0.0,1392.3205357966615,19.124515068925387,-5.146609419154495,-4.9147120413193095,-6.099999999999999,6.529479366362011,0.0,4.0,4704.307319127612,-1866.855197488334,-162.80312159253558,0.0
2018-01-01 22:00:00,1.7821731480576508,0.3540264363608201,0.77161814194472,1.7821731480576506,0.3540264363608201,0.7716181419447199,0.22069345513211278,0.4681463595922048,0.010000000000000002,0.0,1.0833333333333333,0.0,0.7095739727556136,0.062044169189106275,1.0,0.0,0.3511097696941534,0.0029166666666666685,0.0,0.0,0.0,0.0,0.0,0.0,0.0,0.0,0.0,0.07082200689886999,0.05311650517415247,0.0,0.0,0.0,0.015606139374160109,0.0,0.1385300182249203,0.0,0.06655729753303233,0.0,0.39732435269333477,0.297993264520001,0.6243333333333322,0.0,1407.4934298272935,0.0,82.52670207691399,50.0,44.44,0.45884596783751697,49.99675790446491,1278.1192801248956,0.0,1407.4934298272935,128.9479719951781,49.99675790446491,49.99675790446491,49.99675790446491,10.042356980382465,12477.337956660778,0.0,19.0,20.7955632611013,0.0,0.0,0.6,1.0,0.5100628780186275,12477.337956660778,24462.352573333334,0.0,0.0,22.0,0.010000000000000002,0.0,0.0,0.0,0.0,0.0,0.0,1391.2914399028614,19.100699715804463,-5.073609821337091,-5.344214594430897,-6.099999999999999,6.529479366362011,0.0,3.5,5031.382463387469,-1805.7502556006884,-149.06195409262887,0.0
2018-01-01 23:00:00,1.559370179072344,0.29531858927501103,0.8010287252768332,1.5593701790723438,0.29531858927501103,0.8010287252768331,0.07616761559455128,0.38986923014445923,0.010000000000000002,0.0,1.0833333333333333,0.0,0.7953370649356581,0.00569166034117501,1.0,0.0,0.29240192260834436,0.0029166666666666685,0.0,0.0,0.0,0.0,0.0,0.0,0.0,0.0,0.0,0.06599323370121975,0.04949492527591479,0.0,0.0,0.0,0.010804250335956998,0.0,0.04415089322833498,0.0,0.021212472030259305,0.0,0.3238759964432395,0.24290699733242957,0.644333333333332,0.0,129.11728273120252,0.0,82.63427483895346,50.0,44.44,0.0,49.9997403443503,0.0,0.0,129.11728273120252,129.11605443586478,49.9997403443503,49.99974034435031,49.9997403443503,10.042356980382465,13985.419039712599,0.0,19.0,23.309031732854333,0.0,0.0,0.6,1.0,0.5717119397158166,13985.419039712599,24462.352573333334,0.0,0.0,22.0,0.010000000000000002,0.0,0.0,0.0,0.0,0.0,0.0,1392.866831472039,19.066483105552795,-4.587633893203766,-5.541711124609929,-5.55,6.529479366362011,0.0,3.6666666666666665,5288.366789290471,-1172.6354028588603,-74.66545986118432,0.0
2018-01-02 00:00:00,1.5510506584705228,0.27667717843485107,0.864735263731148,1.5510506584705228,0.27667717843485107,0.8647352637311478,0.04146200569388039,0.41625531944330935,0.010000000000000002,0.0,1.0833333333333333,0.05124130375239661,0.8078216123590507,0.005672347619700542,1.0,0.0,0.2737605117681844,0.0029166666666666685,0.0,0.0,0.0,0.0,0.0,0.0,0.0,0.0,0.0,0.06438364263533634,0.04828773197650224,0.05124130375239661,0.0,0.05124130375239661,0.007888817705619396,0.0,0.022677630387300654,0.0,0.010895557600960339,0.0,0.3006303730555763,0.22547277979168215,0.6643333333333318,0.0,128.67916696718046,0.0,82.35450599608664,50.0,44.44,0.0,49.999742195424396,0.0,0.0,128.67916696718046,128.67891561888538,49.99974219542438,49.999742195424396,49.999742195424396,10.011674398445251,14204.950650818178,0.0,19.0,23.674917751363633,0.0,0.0,0.6,1.0,0.5806862037587973,14204.950650818178,24462.352573333334,0.0,0.0,22.0,0.010000000000000002,0.0,0.0,0.0,0.0,0.0,0.0,1394.4894430867305,19.171212962855627,-3.788664228851627,-5.135168895485361,-5.0,6.529479366362011,0.0,4.0,5744.321585837429,-1463.1389276304908,-67.9929377875628,0.0
2018-01-02 01:00:00,1.4868123669767688,0.27151432233207573,0.8721833086985004,1.4868123669767688,0.27151432233207573,0.8721833086985002,0.035348826089556806,0.3581302075538788,0.010000000000000002,0.0,1.0833333333333333,0.0,0.8309195170493086,0.0412637916491918,1.0,0.0,0.26859765566540905,0.0029166666666666685,0.0,0.0,0.0,0.0,0.0,0.0,0.0,0.0,0.0,0.06277405156945293,0.04708053867708969,0.0,0.0,0.0,0.007888817705619396,0.0,0.018548370228673224,0.0,0.008911638155264185,0.0,0.2953561559844259,0.22151711698831936,0.6843333333333316,0.0,936.0833805184908,0.0,82.59541793782674,50.0,44.44,0.2894232734207051,49.998563096002975,807.465967595921,0.0,936.0833805184908,129.05534052785427,49.998563096002975,49.99856309600298,49.998563096002975,9.980991816508038,14611.110366332921,0.0,19.0,24.351850610554873,0.0,0.0,0.6,1.0,0.5972896647013685,14611.110366332921,24462.352573333334,0.0,0.0,22.0,0.010000000000000002,0.0,0.0,0.0,0.0,0.0,0.0,1390.3755224186816,19.077571261473647,-3.981739273291683,-5.050213847669091,-5.3,6.529479366362011,0.0,4.0,5348.005732577594,-1686.6250434246704,-124.22098483712436,0.0
2018-01-02 02:00:00,0.6125493988470777,0.2681095385863505,0.8480689540886873,0.6125493988470777,0.26810953858635045,0.8480689540886872,0.03229223628739501,0.35359049589291186,0.010000000000000002,0.0,0.21666666666677092,0.0,0.8211015893493377,0.026967364739349603,1.0,0.0,0.2651928719196838,0.0029166666666666685,0.0,0.0,0.0,0.0,0.0,0.0,0.0,0.0,0.0,0.06116446050356953,0.04587334537767714,0.0,0.0,0.0,0.007888817705619396,0.0,0.016483740149359508,0.0,0.007919678432416108,0.0,0.2924260353893423,0.21931952654200668,0.6992222222222216,0.0,611.7639930789044,0.0,82.66656425608812,50.0,44.44,0.17283110587678985,49.998339115428145,482.15981863294104,0.0,611.7639930789044,129.16650665013768,49.998339115428145,49.998339115428145,49.998339115428145,9.980991816508038,14438.469307542582,0.0,19.0,24.064115512570968,0.0,0.0,0.6,1.0,0.5902322462346532,14438.469307542582,24462.352573333334,0.0,0.0,22.0,0.010000000000000002,0.0,0.0,0.0,0.0,0.0,0.0,1386.4557546410422,19.05196972678051,-4.183442301280753,-5.299408610890412,-5.3,6.529479366362011,0.0,4.0,5572.432096777092,-1288.95479556138,-90.82374799619498,0.0
2018-01-02 03:00:00,0.3913430205193398,0.26470475484062517,0.8812474823211024,0.3913430205193398,0.26470475484062517,0.8812474823211024,0.03229223628739501,0.3490507842319448,0.010000000000000002,0.0,0.0,0.0,0.833736433435381,0.047511048885721587,1.0,0.0,0.2617880881739585,0.0029166666666666685,0.0,0.0,0.0,0.0,0.0,0.0,0.0,0.0,0.0,0.05955486943768611,0.04466615207826457,0.0,0.0,0.0,0.007888817705619396,0.0,0.016483740149359508,0.0,0.007919678432416108,0.0,0.2894959147942587,0.21712193609569394,0.6999999999999998,0.0,1077.8045709184512,0.0,82.66521132948833,50.0,44.44,0.3405151912679014,49.999222081634294,950.0234300560661,0.0,1077.8045709184512,129.1643927023255,49.999222081634294,49.99922208163431,49.999222081634294,9.980991816508038,14660.643775243321,0.0,19.0,24.434406292072207,0.0,0.0,0.6,1.0,0.5993145479893477,14660.643775243321,24462.352573333334,0.0,0.0,22.0,0.010000000000000002,0.0,0.0,0.0,0.0,0.0,0.0,1378.550261646891,19.051283113511072,-4.343062391327907,-5.258806787208475,-5.8500000000000005,6.529479366362011,0.0,4.0,5630.562358692136,-2208.722217837008,-167.0666006553976,0.0
2018-01-02 04:00:00,0.38304623887388695,0.2582233444700622,0.8777910677299604,0.383046238873887,0.2582233444700622,0.8777910677299603,0.03263733513602618,0.3404089037378608,0.010000000000000002,0.0,0.0,0.0,0.813239666311183,0.06455140141877733,1.0,0.0,0.2553066778033955,0.0029166666666666685,0.0,0.0,0.0,0.0,0.0,0.0,0.0,0.0,0.0,0.05794527837180271,0.04345895877885201,0.0,0.0,0.0,0.007888817705619396,0.0,0.016716843545411055,0.0,0.008031673884995729,0.0,0.2824636253660581,0.2118477190245435,0.6999999999999998,0.0,1464.370859832962,0.0,82.66073153599334,50.0,44.44,0.47862288463967034,49.9970673756277,1335.2118054450673,0.0,1464.370859832962,129.15739302498957,49.9970673756277,49.997067375627715,49.9970673756277,9.980991816508038,14300.22315632686,0.0,19.0,23.83370526054477,0.0,0.0,0.6,1.0,0.5845808621005522,14300.22315632686,24462.352573333334,0.0,0.0,22.0,0.010000000000000002,0.0,0.0,0.0,0.0,0.0,0.0,1373.807207730655,19.05048587227336,-5.114927215600808,-5.989018558978373,-6.1499999999999995,6.529479366362011,0.0,3.5,5687.026434774166,-1375.5638270506915,-127.94366714015668,0.0
2018-01-02 05:00:00,0.42389395215059444,0.2762435861298263,0.7945144442694899,0.4238939521505944,0.27624358612982625,0.7945144442694898,0.04945805953304817,0.3644358926175462,0.010000000000000002,0.0,0.0,0.0,0.7728023982708839,0.021712045998605937,1.0,0.0,0.2733269194631596,0.0029166666666666685,0.0,0.0,0.0,0.0,0.0,0.0,0.0,0.0,0.0,0.05794527837180271,0.04345895877885201,0.0,0.0,0.0,0.006345353371911252,0.0,0.02912127426386846,0.0,0.013991431897268454,0.0,0.30649061424574353,0.2298679606843076,0.6999999999999998,0.0,492.54527041860183,0.0,82.66142919168796,50.0,44.44,0.12984500775122423,49.99789106331796,362.2604959015607,0.0,492.54527041860183,129.15848311201242,49.99789106331796,49.99789106331797,49.99789106331796,9.980991816508038,13589.163451834764,0.0,19.0,22.64860575305794,0.0,0.0,0.6,1.0,0.5555133510195766,13589.163451834764,24462.352573333334,0.0,0.0,22.0,0.010000000000000002,0.0,0.0,0.0,0.0,0.0,0.0,1375.2796568037793,19.05408291519987,-4.626660395417123,-5.824210790892632,-5.849999999999999,6.529479366362011,0.0,4.0,5767.328958221401,-1799.6351924574094,-90.2411790698186,0.0
2018-01-02 06:00:00,0.6928281353350028,0.35337604790328286,0.7510799113770631,0.6928281353350028,0.35337604790328286,0.7510799113770631,0.181016777389276,0.5018113579457267,0.010000000000000002,0.0,0.0,0.03453218296357163,0.7052584050714682,0.011289323342023165,1.0,0.0,0.3504593812366162,0.0029166666666666685,0.0,0.0,0.0,0.0,0.0,0.0,0.0,0.0,0.0,0.06116446050356953,0.04587334537767714,0.03453218296357163,0.0,0.03453218296357163,0.006002361297753889,0.0,0.11821672228328535,0.0,0.05679769380823672,0.0,0.40611471447858555,0.30458603585893906,0.6999999999999998,0.0,256.10220329750854,0.0,82.33603061887271,50.0,44.44,0.045682159752133744,49.999487287148135,127.45203597430191,0.0,256.10220329750854,128.6500478419886,49.999487287148135,49.99948728714815,49.999487287148135,9.980991816508038,12401.451863684719,0.0,19.0,20.669086439474533,0.0,0.0,0.6,1.0,0.5069607195999485,12401.451863684719,24462.352573333334,0.0,0.0,22.0,0.010000000000000002,0.0,0.0,0.0,0.0,0.0,0.0,1378.7642088879477,19.177547530546608,-4.47024101516286,-5.748080333318182,-5.25,6.529479366362011,0.0,4.0,5931.459121974374,-915.5168272087254,-56.74207455234674,0.0
2018-01-02 07:00:00,0.6660039618822122,0.36150416966252097,0.7043289291459919,0.6660039618822122,0.36150416966252097,0.7043289291459918,0.17788729122107294,0.4781166706611393,0.010000000000000002,0.0,0.0,0.0,0.6930120387898099,0.01131689035618196,1.0,0.0,0.3585875029958543,0.0029166666666666685,0.0,0.0,0.0,0.0,0.0,0.0,0.0,0.0,0.0,0.06438364263533634,0.04828773197650224,0.0,0.0,0.0,0.0058308652606752056,0.0,0.11621869317427207,0.0,0.05583773278612567,0.0,0.4137330280258029,0.3102997710193521,0.6999999999999998,0.0,256.72757054499635,0.0,82.57299404748892,50.0,44.44,0.045682161496775286,49.99923164703001,127.45203597430191,0.0,256.72757054499635,129.02030319920144,49.99923164703001,49.99923164703001,49.99923164703001,9.980991816508038,12186.108493290361,0.0,19.0,20.310180822150603,0.0,0.0,0.6,1.0,0.49815766724638605,12186.108493290361,24462.352573333334,0.0,0.0,22.0,0.010000000000000002,0.0,0.0,0.0,0.0,0.0,0.0,1388.3110728000927,19.0887100884116,-2.830008681714135,-5.056220665359079,-3.6,6.529479366362011,0.0,3.0,5735.602527010281,-430.57117129115227,-9.202808424693565,113.57320421254225
2018-01-02 08:00:00,0.6347179229754504,0.35018509741795123,0.6852394486194777,0.6347179229754504,0.35018509741795123,0.6852394486194777,0.16169334864040422,0.46302457433504624,0.010000000000000002,0.0,0.0,0.0,0.6413520295265569,0.04388741909292091,1.0,0.0,0.34726843075128455,0.0029166666666666685,0.0,0.0,0.0,0.0,0.0,0.0,0.0,0.0,0.0,0.06599323370121975,0.04949492527591479,0.0,0.0,0.0,0.005659369223596524,0.0,0.10539603550045018,0.0,0.050637943916357536,0.0,0.39703134063382645,0.29777350547536974,0.6999999999999998,0.0,995.6012761987134,0.0,82.57130771592247,50.0,44.44,0.3108854220025739,49.998769701909815,867.3481940219425,0.0,995.6012761987134,129.01766830612885,49.998769701909815,49.998769701909815,49.998769701909815,9.980991816508038,11277.705114402852,0.0,19.0,18.79617519067142,0.0,0.0,0.6,1.0,0.4610229159519512,11277.705114402852,24462.352573333334,0.0,0.0,22.0,0.010000000000000002,0.0,0.0,0.0,0.0,0.0,0.0,1394.9581865049697,19.086492458295442,-1.4684744724621683,-3.7724606886115706,-2.25,6.529479366362011,0.0,2.5,5506.060480603212,-253.58906939906328,6.265435338058215,383.92617595094043
2018-01-02 09:00:00,0.5340090596221163,0.31282605983063544,0.5636509747225453,0.5340090596221163,0.31282605983063544,0.5636509747225453,0.11079653540349114,0.41321252421862514,0.010000000000000002,0.0,0.0,0.0,0.5523088173378664,0.011342157384679,1.0,0.0,0.30990939316396876,0.0029166666666666685,0.0,0.0,0.0,0.0,0.0,0.0,0.0,0.0,0.0,0.06599323370121975,0.04949492527591479,0.0,0.0,0.0,0.004801889038203111,0.0,0.07159604307297564,0.0,0.03439860329231238,0.0,0.3472192905174054,0.260414467888054,0.6999999999999998,0.0,257.30076182252714,0.0,82.61387191761087,50.0,44.44,0.04568738397355975,49.9987226245211,127.4520359743019,0.0,257.30076182252714,129.08417487126698,49.9987226245211,49.998722624521115,49.9987226245211,9.980991816508038,9711.945526420333,0.0,19.0,16.186575877367222,0.0,0.0,0.6,1.0,0.3970160064248042,9711.945526420333,24462.352573333334,0.0,0.0,22.0,0.010000000000000002,0.0,0.0,0.0,0.0,0.0,0.0,1404.8154933918674,19.073144287346075,-0.32389845284008995,-1.617018017615781,0.25000000000000017,6.529479366362011,0.0,2.5,5022.417717509625,627.4477607191196,62.82757970679108,868.5665812295588
2018-01-02 10:00:00,0.8622501065908384,0.3477807148046827,0.4347923949425789,0.8622501065908384,0.3477807148046827,0.4347923949425788,0.08068065622496325,0.7715694503658752,0.010000000000000002,0.0,0.0,0.0,0.41583389417398325,0.018958500768595638,1.0,0.0,0.344864048138016,0.0029166666666666685,0.0,0.0,0.0,0.0,0.0,0.0,0.0,0.38487254227134393,0.054841367067117675,0.06438364263533634,0.04828773197650224,0.0,0.0,0.0,0.003772912815731015,0.0,0.05194875683434511,0.0,0.024958986574887123,0.0,0.3223132654591949,0.2417349490943961,0.6999999999999998,0.0,430.08014483751407,0.0,82.6137533077305,50.0,44.44,0.10801679542635223,49.99950143015973,301.3594297008136,0.0,430.08014483751407,129.0839895433289,49.99950143015973,49.99950143015974,49.99950143015973,9.980991816508038,7312.134084193768,0.0,19.0,12.186890140322946,0.0,0.0,0.6,1.0,0.29891377218415216,7312.134084193768,24462.352573333334,0.0,0.0,22.0,0.010000000000000002,0.0,0.0,0.0,0.0,0.0,0.0,1413.8653224388627,19.072978516407435,2.786289165424303,2.3613459123482787,3.9,6.529479366362011,0.0,2.0,4256.335969904286,1280.0005531549707,33.41680832486784,1305.2354051233522
2018-01-02 11:00:00,0.6879275340108721,0.3500491489962992,0.2870163549696196,0.687927534010872,0.3500491489962992,0.2870163549696196,0.12779402277377633,0.5501335112370959,0.010000000000000002,0.0,0.0,0.0,0.2748108487044166,0.01220550626520299,1.0,0.0,0.3471324823296325,0.0029166666666666685,0.0,0.0,0.0,0.0,0.0,0.0,0.0,0.10776431183597629,0.015355582778792946,0.06438364263533634,0.04828773197650224,0.0,0.0,0.0,0.0025724405561802378,0.0,0.08458323228156191,0.0,0.040638349936034164,0.0,0.3779855567657832,0.2834891675743373,0.6999999999999998,0.0,276.88612968010204,0.0,82.58021506358234,50.0,44.44,0.05286532711428674,49.99908354402089,147.49125057809673,0.0,276.88612968010204,129.03158603684741,49.99908354402089,49.9990835440209,49.99908354402089,9.980991816508038,4832.347246511449,0.0,19.0,8.053912077519083,0.0,0.0,0.6,1.0,0.19754221234548153,4832.347246511449,24462.352573333334,0.0,0.0,22.0,0.010000000000000002,0.0,0.0,0.0,0.0,0.0,0.0,1415.9517225394468,19.085859605997978,4.051722964165378,7.217832641699803,7.25,6.529479366362011,0.0,3.0,3172.113775518739,959.4681458532064,-132.18783485698202,1218.7934167280291
2018-01-02 12:00:00,0.5846911447802653,0.34106361561969417,0.1938295881257219,0.5846911447802652,0.34106361561969417,0.19382958812572187,0.12382854617622857,0.4508625986040367,0.010000000000000002,0.0,0.0,0.0,0.18814001951511083,0.00568956861061105,1.0,0.0,0.3381469489530275,0.0029166666666666685,0.0,0.0,0.0,0.0,0.0,0.0,0.0,0.0,0.0,0.06760282476710315,0.05070211857532734,0.0,0.0,0.0,0.00205795244494419,0.0,0.08225219832104642,0.0,0.039518395410237946,0.0,0.3832597738369336,0.28744483037770013,0.6999999999999998,0.0,129.0698311001432,0.0,82.60469137649726,50.0,44.44,0.0,49.99974166331575,0.0,0.0,129.0698311001432,129.06983027577698,49.99974166331575,49.99974166331575,49.99974166331575,9.980991816508038,3308.3042738255804,0.0,19.0,5.513840456375966,0.0,0.0,0.6,1.0,0.13524064228523944,3308.3042738255804,24462.352573333334,0.0,0.0,22.0,0.010000000000000002,0.0,0.0,0.0,0.0,0.0,0.0,1413.4819901782896,19.077558086130946,4.12770142967723,11.430113679538712,9.15,6.529479366362011,0.0,3.0,2344.044609525366,654.4942414526851,-67.50097699684189,1046.235252664355
2018-01-02 13:00:00,0.5835336520328118,0.34106361561969417,0.1604001152580381,0.5835336520328118,0.34106361561969417,0.1604001152580381,0.1226710534287751,0.4508625986040367,0.010000000000000002,0.0,0.0,0.0,0.13786732848018388,0.022532786777854214,1.0,0.0,0.3381469489530275,0.0029166666666666685,0.0,0.0,0.0,0.0,0.0,0.0,0.0,0.0,0.0,0.06760282476710315,0.05070211857532734,0.0,0.0,0.0,0.0018864564078655075,0.0,0.081586188618042,0.0,0.0391984084028676,0.0,0.3832597738369336,0.28744483037770013,0.6999999999999998,0.0,511.1640587669856,0.0,82.60048586299436,50.0,44.44,0.1370482320223589,49.999231479160706,382.3561079229057,0.0,511.1640587669856,129.0632591609287,49.999231479160706,49.99923147916072,49.999231479160706,9.980991816508038,2424.2958686164816,0.0,19.0,4.040493114360803,0.0,0.0,0.6,1.0,0.09910313659934866,2424.2958686164816,24462.352573333334,0.0,0.0,22.0,0.010000000000000002,0.0,0.0,0.0,0.0,0.0,0.0,1412.9024069177906,19.07751960884192,3.8338128496625177,13.374308197110368,9.4,6.529479366362011,0.0,2.5,1686.1776117869824,479.4843908522716,-212.71069734610134,1055.6814900044208
2018-01-02 14:00:00,0.580231428382411,0.3371079528163314,0.10254453599153425,0.580231428382411,0.3371079528163313,0.10254453599153425,0.12464304684952465,0.4455883815328863,0.010000000000000002,0.0,0.0,0.0,0.0968436615703573,0.005700874421176941,1.0,0.0,0.3341912861496647,0.0029166666666666685,0.0,0.0,0.0,0.0,0.0,0.0,0.0,0.0,0.0,0.06760282476710315,0.05070211857532734,0.0,0.0,0.0,0.0018864564078655075,0.0,0.08291820802405085,0.0,0.039838382417608294,0.0,0.3779855567657832,0.2834891675743373,0.6999999999999998,0.0,129.3263073218146,0.0,82.60543988132892,50.0,44.44,0.0,49.99948656730023,0.0,0.0,129.3263073218146,129.07099981457642,49.99948656730023,49.99948656730024,49.99948656730023,9.980991816508038,1702.9247700295819,0.0,19.0,2.8382079500493034,0.0,0.0,0.6,1.0,0.06961410456841988,1702.9247700295819,24462.352573333334,0.0,0.0,22.0,0.010000000000000002,0.0,0.0,0.0,0.0,0.0,0.0,1412.142284126903,19.077145814698024,3.510306856473877,13.829189701432488,9.700000000000001,6.529479366362011,0.0,2.0,1173.4951867521866,337.13013979656733,-251.87286212701875,1184.4612068734039
2018-01-02 15:00:00,0.6759618070918955,0.3660077486314026,0.09223639294121927,0.6759618070918954,0.3660077486314026,0.09223639294121926,0.1617894195256573,0.5041723875662381,0.010000000000000002,0.0,0.0,0.020050944946589978,0.06088347732650056,0.011301970668128722,1.0,0.0,0.36309108196473594,0.0029166666666666685,0.0,0.0,0.0,0.0,0.0,0.0,0.0,0.0,0.0,0.06599323370121975,0.04949492527591479,0.020050944946589978,0.0,0.020050944946589978,0.00205795244494419,0.0,0.10789357188671678,0.0,0.051837895193996335,0.0,0.41812820891842833,0.3135961566888212,0.6999999999999998,0.0,256.3891122630262,0.0,82.51958266332304,50.0,44.44,0.04568216157697061,49.99948660430683,127.45203597430191,0.0,256.3891122630262,128.93684791144224,49.99948660430683,49.99948660430683,49.99948660430683,9.980991816508038,1070.5913009031397,0.0,19.0,1.7843188348385661,0.0,0.0,0.6,1.0,0.043764854491967486,1070.5913009031397,24462.352573333334,0.0,0.0,22.0,0.010000000000000002,0.0,0.0,0.0,0.0,0.0,0.0,1415.559437199188,19.10883615360898,3.1733569027775315,13.790784163640787,8.9,6.529479366362011,0.0,2.5,1007.8740368340385,212.59244786777535,-349.17822388517726,1169.5034369952766
2018-01-02 16:00:00,0.806581108647968,0.403691980447487,0.06931110148201151,0.8065811086479678,0.40369198044748694,0.0693111014820115,0.23102366480106737,0.5655574438469005,0.010000000000000002,0.0,0.0,0.031190358805806635,0.032459519260209575,0.005661223415995298,1.0,0.0,0.4007753137808203,0.0029166666666666685,0.0,0.0,0.0,0.0,0.0,0.0,0.0,0.0,0.0,0.07082200689886999,0.05311650517415247,0.031190358805806635,0.0,0.031190358805806635,0.0032584247044949674,0.0,0.15384824139402206,0.0,0.07391699870255033,0.0,0.46354507814222395,0.34765880860666787,0.6999999999999998,0.0,128.42681055993341,0.0,82.19328095671383,50.0,44.44,0.0,49.99974314154979,0.0,0.0,128.42681055993341,128.42700149486538,49.99974314154979,49.9997431415498,49.99974314154979,9.980991816508038,570.776842543328,0.0,19.0,0.9512947375722135,0.0,0.0,0.3,0.5,0.023332867958314765,570.776842543328,24462.352573333334,0.0,0.0,22.0,0.010000000000000002,0.0,0.0,0.0,0.0,0.0,0.0,1425.1447449062364,19.231566566650926,2.762721223636099,11.93879493438238,7.25,6.529479366362011,0.0,3.0,543.0359710819286,115.66400967953179,-357.2707641397699,643.7327854412266
2018-01-02 17:00:00,0.9436733381748331,0.43313376664383935,0.1749327072894914,0.943673338174833,0.4331337666438393,0.1749327072894914,0.3065813516810294,0.6270919864938037,0.010000000000000002,0.0,0.0,0.05346918652423994,0.0847409288203307,0.03672259194492076,1.0,0.0,0.43021709997717267,0.0029166666666666685,0.0,0.0,0.0,0.0,0.0,0.0,0.0,0.0,0.0,0.07726037116240361,0.057945278371802696,0.05346918652423994,0.0,0.05346918652423994,0.006345353371911252,0.0,0.20279995456484726,0.0,0.09743604374427088,0.0,0.49636242880716014,0.37227182160537,0.6999999999999998,0.0,833.0646951072372,0.0,82.18123957906185,50.0,44.44,0.2528260534130035,49.999043543089584,705.3694689371417,0.0,833.0646951072372,128.40818684228415,49.999043543089584,49.99904354308959,49.999043543089584,9.980991816508038,1490.1070899577142,0.0,19.0,2.4835118165961902,0.0,0.0,0.6,1.0,0.06091430026979888,1490.1070899577142,24462.352573333334,0.0,0.0,22.0,0.010000000000000002,0.0,0.0,0.0,0.0,0.0,0.0,1426.847330565063,19.233223989071195,2.803712831581926,9.345189397032515,5.8500000000000005,6.529479366362011,0.0,3.0,1346.6759667539334,298.63677246210324,-311.9188929412093,110.3285064699636
2018-01-02 18:00:00,1.0061077480238967,0.4320320085285642,0.24574860447597788,1.0061077480238967,0.43203200852856416,0.24574860447597785,0.35711747571939995,0.6389902723044968,0.010000000000000002,0.0,0.0,0.06683648315529993,0.14689545751808905,0.03201666380258888,1.0,0.0,0.42911534186189754,0.0029166666666666685,0.0,0.0,0.0,0.0,0.0,0.0,0.0,0.0,0.0,0.08047955329417043,0.06035966497062781,0.06683648315529993,0.0,0.06683648315529993,0.008403305816855444,0.0,0.23554543162923147,0.0,0.11316873827331299,0.0,0.4916742358550265,0.3687556768912697,0.6999999999999998,0.0,726.3090881237134,0.0,81.96967618447461,50.0,44.44,0.21444368406968908,49.99859744789012,598.2827847428605,0.0,726.3090881237134,128.07761903824158,49.99859744789012,49.99859744789012,49.99859744789012,9.980991816508038,2583.048897120083,0.0,19.0,4.305081495200139,0.0,0.0,0.6,1.0,0.10559282429507173,2583.048897120083,24462.352573333334,0.0,0.0,22.0,0.010000000000000002,0.0,0.0,0.0,0.0,0.0,0.0,1429.834919032059,19.312567549663818,2.3901050041675824,6.54020614469223,3.0500000000000003,6.529479366362011,0.0,4.0,1741.3966748673463,-436.3753751868644,-356.62359445695193,0.0
2018-01-02 19:00:00,0.7838857262306121,0.36896412561150876,0.35583939695930394,0.783885726230612,0.3689641256115087,0.355839396959304,0.26799938546274255,0.5058863407678696,0.010000000000000002,0.0,0.0,0.01782306217474665,0.29705397682042833,0.04096235796412898,1.0,0.0,0.3660474589448421,0.0029166666666666685,0.0,0.0,0.0,0.0,0.0,0.0,0.0,0.0,0.0,0.07726037116240361,0.057945278371802696,0.01782306217474665,0.0,0.01782306217474665,0.011147242410114366,0.0,0.1734955276326526,0.0,0.08335661541997559,0.0,0.4108029074307193,0.3081021805730394,0.6999999999999998,0.0,929.2452531521398,0.0,82.31360445854735,50.0,44.44,0.28691769964893143,49.99796308802278,800.452733870351,0.0,929.2452531521398,128.61500696648025,49.99796308802278,49.99796308802279,49.99796308802278,9.980991816508038,5223.4763428042315,0.0,19.0,8.705793904673719,0.0,0.0,0.6,1.0,0.21353123446100594,5223.4763428042315,24462.352573333334,0.0,0.0,22.0,0.010000000000000002,0.0,0.0,0.0,0.0,0.0,0.0,1427.304828685671,19.182779634873633,1.1355319325736417,3.514258847944724,0.55,6.529479366362011,0.0,4.0,2052.3533302530595,-563.2821661138747,-320.2324548563101,0.0
2018-01-02 20:00:00,0.8921399866965621,0.35545042581274516,0.4721569493960464,0.8921399866965621,0.3554504258127451,0.47215694939604635,0.23153941894623523,0.47004501219477146,0.010000000000000002,0.0,0.18055555555555555,0.0,0.4176356006678554,0.054521348728190984,1.0,0.0,0.3525337591460785,0.0029166666666666685,0.0,0.0,0.0,0.0,0.0,0.0,0.0,0.0,0.0,0.07565078009652021,0.05673808507239014,0.0,0.0,0.0,0.015606139374160109,0.0,0.14585612495796896,0.0,0.07007715461410616,0.0,0.39439423209825125,0.29579567407368834,0.6563333333333333,0.0,1236.8356466561438,0.0,82.53900142654953,50.0,44.44,0.39691159758099764,49.99693936494441,1107.2817093640408,0.0,1236.8356466561438,128.96718972898364,49.99693936494441,49.99693936494442,49.99693936494441,9.980991816508038,7343.815771637081,0.0,19.0,12.239692952728468,0.0,0.0,0.6,1.0,0.3002088924040221,7343.815771637081,24462.352573333334,0.0,0.0,22.0,0.010000000000000002,0.0,0.0,0.0,0.0,0.0,0.0,1420.3122576482613,19.096792086995254,0.03026301868990422,1.4483128337117177,-0.85,6.529479366362011,0.0,4.0,2862.2273378334053,-1158.4694499399932,-277.79204941654325,0.0
2018-01-02 21:00:00,1.6087037954577594,0.30457768842666577,0.5110991340838972,1.6087037954577594,0.30457768842666577,0.5110991340838972,0.1131557664444272,0.40221469567999896,0.010000000000000002,0.0,1.0833333333333333,0.0,0.4773631123313779,0.033736021752519336,1.0,0.0,0.3016610217599991,0.0029166666666666685,0.0,0.0,0.0,0.0,0.0,0.0,0.0,0.0,0.0,0.07404118903063679,0.05553089177297758,0.0,0.0,0.0,0.018007083893261663,0.0,0.06426993633992698,0.0,0.030878746211238556,0.0,0.3281735066493621,0.24613012998702152,0.44966666666666666,0.0,765.3133176859224,0.0,82.60761423123814,50.0,44.44,0.22841080814618006,49.99948657329667,637.2601798715094,0.0,765.3133176859224,129.0743972363096,49.99948657329667,49.99948657329667,49.99948657329667,9.980991816508038,8394.080264064905,0.0,19.0,13.990133773441508,0.0,0.0,0.6,1.0,0.34314280439304023,8394.080264064905,24462.352573333334,0.0,0.0,22.0,0.010000000000000002,0.0,0.0,0.0,0.0,0.0,0.0,1417.6849943232753,19.07408416034009,-0.796953893091251,-0.19851962227089967,-1.4000000000000001,6.529479366362011,0.0,4.0,3397.3899229983326,-520.9554659421929,-180.53035494962214,0.0
2018-01-02 22:00:00,1.5276661190112337,0.2760119755167196,0.4923585842608542,1.5276661190112337,0.27601197551671963,0.49235858426085416,0.07020570721116312,0.36412707846673736,0.010000000000000002,0.0,1.0833333333333333,0.0,0.4810030285825541,0.011355555678300043,1.0,0.0,0.2730953088500529,0.0029166666666666685,0.0,0.0,0.0,0.0,0.0,0.0,0.0,0.0,0.0,0.07082200689886999,0.05311650517415247,0.0,0.0,0.0,0.015606139374160109,0.0,0.03688028730387,0.0,0.017719280533133007,0.0,0.2933050715678674,0.21997880367590048,0.46966666666666684,0.0,257.6047067457807,0.0,82.64413943870709,50.0,44.44,0.04568216173885937,49.99846609207224,127.45203597430191,0.0,257.6047067457807,129.1314678729798,49.99846609207224,49.99846609207224,49.99846609207224,9.980991816508038,8458.085522069921,0.0,19.0,14.09680920344987,0.0,0.0,0.6,1.0,0.3457592844643311,8458.085522069921,24462.352573333334,0.0,0.0,22.0,0.010000000000000002,0.0,0.0,0.0,0.0,0.0,0.0,1421.4024403394742,19.061681099357205,0.07233687545028532,-0.6329572922439828,-0.25000000000000006,6.529479366362011,0.0,4.0,3832.5360422356403,170.75486199123426,-80.80530394517994,0.0
2018-01-02 23:00:00,1.4670354512950594,0.25678750344966184,0.5010449750257713,1.4670354512950594,0.25678750344966184,0.5010449750257713,0.03520766891773262,0.3384944490439936,0.010000000000000002,0.0,1.0833333333333333,0.0,0.49535042684681413,0.005694548178957099,1.0,0.0,0.25387083678299516,0.0029166666666666685,0.0,0.0,0.0,0.0,0.0,0.0,0.0,0.0,0.0,0.06599323370121975,0.04949492527591479,0.0,0.0,0.0,0.010804250335956998,0.0,0.016483740149359508,0.0,0.007919678432416108,0.0,0.2725012153427739,0.20437591150708034,0.4896666666666669,0.0,129.18279432975916,0.0,82.67698958971913,50.0,44.44,0.0,49.99974143993838,0.0,0.0,129.18279432975916,129.18279623393613,49.99974143993838,49.99974143993839,49.99974143993838,9.980991816508038,8710.37399912154,0.0,19.0,14.517289998535901,0.0,0.0,0.6,1.0,0.3560726211025513,8710.37399912154,24462.352573333334,0.0,0.0,22.0,0.010000000000000002,0.0,0.0,0.0,0.0,0.0,0.0,1423.055515312477,19.050493797832637,1.133715641969675,-0.3100249643066063,0.3,6.529479366362011,0.0,4.0,4106.231194034594,-410.9011677518909,-59.03993025796992,0.0
2018-01-03 00:00:00,1.4625104275988388,0.2555803101502493,0.5376404427060222,1.4625104275988385,0.2555803101502493,0.5376404427060221,0.03229223628739501,0.33688485797811024,0.010000000000000002,0.0,1.0833333333333333,0.0,0.5263276072264657,0.011312835479556511,1.0,0.0,0.2526636434835826,0.0029166666666666685,0.0,0.0,0.0,0.0,0.0,0.0,0.0,0.0,0.0,0.06438364263533634,0.04828773197650224,0.0,0.0,0.0,0.007888817705619396,0.0,0.016483740149359508,0.0,0.007919678432416108,0.0,0.2725012153427739,0.20437591150708034,0.5096666666666668,0.0,256.6355842667743,0.0,82.67747148037267,50.0,44.44,0.0456821618580312,49.99948633961086,127.45203597430192,0.0,256.6355842667743,129.1835491880823,49.99948633961086,49.99948633961086,49.99948633961086,9.950935228855258,9255.084999498766,0.0,19.0,15.425141665831276,0.0,0.0,0.6,1.0,0.37833993978109165,9255.084999498766,24462.352573333334,0.0,0.0,22.0,0.010000000000000002,0.0,0.0,0.0,0.0,0.0,0.0,1418.5304621114913,19.049731786832567,0.57896946730415,-0.22226995682830084,-0.3,6.529479366362011,0.0,4.0,4251.847943963709,-590.7241267251947,-85.9860147222215,0.0
2018-01-03 01:00:00,1.4609008365329552,0.2543731168508367,0.5622660805035244,1.4609008365329552,0.2543731168508367,0.5622660805035244,0.03229223628739501,0.3352752669122268,0.010000000000000002,0.0,1.0833333333333333,0.0,0.5565713373978461,0.005694743105678253,1.0,0.0,0.25145645018417,0.0029166666666666685,0.0,0.0,0.0,0.0,0.0,0.0,0.0,0.0,0.0,0.06277405156945293,0.04708053867708969,0.0,0.0,0.0,0.007888817705619396,0.0,0.016483740149359508,0.0,0.007919678432416108,0.0,0.2725012153427739,0.20437591150708034,0.5296666666666666,0.0,129.18721630982444,0.0,82.67981864217681,50.0,44.44,0.0,49.9997414295066,0.0,0.0,129.18721630982444,129.18721662840127,49.9997414295066,49.9997414295066,49.9997414295066,9.920878641202478,9786.898815827035,0.0,19.0,16.31149802637839,0.0,0.0,0.6,1.0,0.40008003263332226,9786.898815827035,24462.352573333334,0.0,0.0,22.0,0.010000000000000002,0.0,0.0,0.0,0.0,0.0,0.0,1416.014945389621,19.04943476260596,0.22347439275041658,-0.5331238298938094,-0.6,6.529479366362011,0.0,4.0,4364.078061029778,-458.65605654834934,-70.70780521177754,0.0
2018-01-03 02:00:00,1.4592912454670717,0.25316592355142414,0.586691995196784,1.4592912454670715,0.2531659235514241,0.586691995196784,0.03229223628739501,0.33366567584634343,0.010000000000000002,0.0,1.0833333333333333,0.0,0.5809972101126905,0.005694785084093527,1.0,0.0,0.25024925688475746,0.0029166666666666685,0.0,0.0,0.0,0.0,0.0,0.0,0.0,0.0,0.0,0.06116446050356953,0.04587334537767714,0.0,0.0,0.0,0.007888817705619396,0.0,0.016483740149359508,0.0,0.007919678432416108,0.0,0.2725012153427739,0.20437591150708034,0.5496666666666664,0.0,129.18816860468894,0.0,82.6804281108901,50.0,44.44,0.0,49.99974142760056,0.0,0.0,129.18816860468894,129.18816892326578,49.99974142760056,49.99974142760056,49.99974142760056,9.920878641202478,10216.409875210915,0.0,19.0,17.02734979201819,0.0,0.0,0.6,1.0,0.41763807649260726,10216.409875210915,24462.352573333334,0.0,0.0,22.0,0.010000000000000002,0.0,0.0,0.0,0.0,0.0,0.0,1413.5319765930697,19.04920661259925,0.09637429522250385,-0.6622381916145755,-0.85,6.529479366362011,0.0,4.0,4462.396702162376,-701.5627991447626,-77.8868050341375,0.0
2018-01-03 03:00:00,1.4576816544011881,0.2519587302520116,0.6113633524532281,1.4576816544011881,0.2519587302520116,0.6113633524532281,0.03229223628739501,0.33205608478046,0.010000000000000002,0.0,1.0833333333333333,0.0,0.6056685253907194,0.0056948270625088344,1.0,0.0,0.2490420635853449,0.0029166666666666685,0.0,0.0,0.0,0.0,0.0,0.0,0.0,0.0,0.0,0.05955486943768611,0.04466615207826457,0.0,0.0,0.0,0.007888817705619396,0.0,0.016483740149359508,0.0,0.007919678432416108,0.0,0.2725012153427739,0.20437591150708034,0.5696666666666662,0.0,129.18912089955424,0.0,82.68103757960439,50.0,44.44,0.0,49.999741425694516,0.0,0.0,129.18912089955424,129.18912121813187,49.999741425694516,49.99974142569453,49.999741425694516,9.920878641202478,10650.23686207718,0.0,19.0,17.750394770128633,0.0,0.0,0.6,1.0,0.4353725517670412,10650.23686207718,24462.352573333334,0.0,0.0,22.0,0.010000000000000002,0.0,0.0,0.0,0.0,0.0,0.0,1410.1438151182701,19.048978462592544,-0.404435494359038,-1.0919568041766496,-1.4000000000000001,6.529479366362011,0.0,4.0,4550.5038452189065,-881.6955710438475,-114.30410376345758,0.0
2018-01-03 04:00:00,1.4560720633353048,0.25075153695259905,0.6701836858968634,1.4560720633353048,0.25075153695259905,0.6701836858968634,0.03229223628739501,0.3304464937145766,0.010000000000000002,0.0,1.0833333333333333,0.0,0.630699144187301,0.03948454170956242,1.0,0.0,0.2478348702859324,0.0029166666666666685,0.0,0.0,0.0,0.0,0.0,0.0,0.0,0.0,0.0,0.05794527837180271,0.04345895877885201,0.0,0.0,0.0,0.007888817705619396,0.0,0.016483740149359508,0.0,0.007919678432416108,0.0,0.2725012153427739,0.20437591150708034,0.589666666666666,0.0,895.7204804623053,0.0,82.67370547074115,50.0,44.44,0.2747176277189041,49.99922855730117,767.5670801710841,0.0,895.7204804623053,129.17766479803308,49.99922855730117,49.99922855730119,49.99922855730117,9.920878641202478,11090.381937827951,0.0,19.0,18.483969896379918,0.0,0.0,0.6,1.0,0.4533653050981569,11090.381937827951,24462.352573333334,0.0,0.0,22.0,0.010000000000000002,0.0,0.0,0.0,0.0,0.0,0.0,1408.2174714781559,19.048750312585838,-0.7650130770639182,-1.5544577986099302,-1.7,6.529479366362011,0.0,4.0,4639.900978637802,-750.8019351457706,-98.23258012724847,0.0
2018-01-03 05:00:00,1.501453422944288,0.27345997156449686,0.6619711313398654,1.5014534229442877,0.27345997156449686,0.6619711313398654,0.04739568308051426,0.3607244065304403,0.010000000000000002,0.0,1.0833333333333333,0.0,0.6458673262699877,0.01610380506987773,1.0,0.0,0.2705433048978302,0.0029166666666666685,0.0,0.0,0.0,0.0,0.0,0.0,0.0,0.0,0.0,0.05794527837180271,0.04345895877885201,0.0,0.0,0.0,0.006345353371911252,0.0,0.027728203968417537,0.0,0.013322125740185478,0.0,0.30277912815863767,0.22708434611897818,0.6096666666666658,0.0,365.32038590101814,0.0,82.66311989739314,50.0,44.44,0.08415215616215187,49.998247433351395,235.13498582705742,0.0,365.32038590101814,129.16112483967677,49.998247433351395,49.9982474333514,49.998247433351395,9.920878641202478,11357.10329641847,0.0,19.0,18.928505494030784,0.0,0.0,0.6,1.0,0.46426864555942043,11357.10329641847,24462.352573333334,0.0,0.0,22.0,0.010000000000000002,0.0,0.0,0.0,0.0,0.0,0.0,1409.4225776391447,19.05408291519987,-0.5404492461453002,-1.6617440063366526,-1.4000000000000001,6.529479366362011,0.0,3.8333333333333335,4731.074325459767,-441.16522244546746,-34.45759990971623,0.0
2018-01-03 06:00:00,1.552146287941059,0.2865692983353771,0.6690371647572669,1.5521462879410588,0.2865692983353771,0.6690371647572669,0.08060944571611166,0.378203508891614,0.010000000000000002,0.0,1.0833333333333333,0.0,0.6376266920951823,0.03141047266208461,1.0,0.0,0.2836526316687104,0.0029166666666666685,0.0,0.0,0.0,0.0,0.0,0.0,0.0,0.0,0.0,0.06116446050356953,0.04587334537767714,0.0,0.0,0.0,0.006002361297753889,0.0,0.05039473419400146,0.0,0.024212350224356315,0.0,0.3170390483880445,0.2377792862910333,0.6296666666666656,0.0,712.5574325107783,0.0,82.64231462854839,50.0,44.44,0.20893341927832923,49.99892739357336,583.7834130878667,0.0,712.5574325107783,129.12861660710686,49.998927393573354,49.99892739357336,49.99892739357336,9.920878641202478,11212.197787586245,0.0,19.0,18.686996312643743,0.0,0.0,0.6,1.0,0.4583450325954659,11212.197787586245,24462.352573333334,0.0,0.0,22.0,0.010000000000000002,0.0,0.0,0.0,0.0,0.0,0.0,1408.5706147018718,19.060993491071184,-0.13850410163118662,-1.3850547078554047,-1.1,6.529479366362011,0.0,3.0,4782.712804685999,-591.2037825861299,-40.89985375534013,0.0
2018-01-03 07:00:00,1.5569737651353934,0.29118127538051486,0.6381088557077308,1.5569737651353934,0.29118127538051486,0.6381088557077308,0.07928762018359574,0.3843528116184644,0.010000000000000002,0.0,1.0833333333333333,0.0,0.6265571689861119,0.011551686721618881,1.0,0.0,0.2882646087138482,0.0029166666666666685,0.0,0.0,0.0,0.0,0.0,0.0,0.0,0.0,0.0,0.06438364263533634,0.04828773197650224,0.0,0.0,0.0,0.0058308652606752056,0.0,0.04961772287382962,0.0,0.023839032049090905,0.0,0.31996916898312805,0.23997687673734594,0.6496666666666654,0.0,262.05400727577967,0.0,82.64442779887302,50.0,44.44,0.04744691682437332,49.99912189378924,132.5674833887031,0.0,262.05400727577967,129.1319184357391,49.99912189378924,49.99912189378924,49.99912189378924,9.920878641202478,11017.548341363521,0.0,19.0,18.362580568939205,0.0,0.0,0.6,1.0,0.4503879301197656,11017.548341363521,24462.352573333334,0.0,0.0,22.0,0.010000000000000002,0.0,0.0,0.0,0.0,0.0,0.0,1408.637817778377,19.061894651644167,-0.0008877910217169974,-1.161932766394872,-0.8500000000000001,6.529479366362011,0.0,2.5,4776.5971483046715,-326.2379135621533,-34.3212763123983,52.9514209806491
2018-01-03 08:00:00,1.4516419474205817,0.31282605983063544,0.5625227818786932,1.4516419474205817,0.31282605983063544,0.5625227818786932,0.10894252463535392,0.42992164500745017,0.010000000000000002,0.0,0.9027777777777777,0.016709120788824982,0.5401312036185035,0.005682457471364748,1.0,0.0,0.30990939316396876,0.0029166666666666685,0.0,0.0,0.0,0.0,0.0,0.0,0.0,0.0,0.0,0.06599323370121975,0.04949492527591479,0.016709120788824982,0.0,0.016709120788824982,0.005659369223596524,0.0,0.06976451638971347,0.0,0.033518639022043925,0.0,0.3472192905174054,0.260414467888054,0.6696666666666653,0.007666666666666914,128.90851244766432,0.0,82.50144707054702,50.0,44.44,0.0,49.99974198562435,0.0,0.0,128.90851244766432,128.90851104772972,49.99974198562435,49.99974198562435,49.99974198562435,9.920878641202478,9497.811119415399,0.0,19.0,15.829685199025663,0.0,0.0,0.6,1.0,0.3882623754580768,9497.811119415399,24462.352573333334,0.0,0.0,22.0,0.010000000000000002,0.0,0.0,0.0,0.0,0.0,0.0,1415.7133506925177,19.116206811473536,0.7224785568501714,-0.42728266333586834,1.3499999999999999,6.529479366362011,0.0,1.5,4700.053618697221,580.9603260089999,111.2461907450841,331.6812630524454
2018-01-03 09:00:00,0.5860299942156331,0.33150557862429336,0.46221496874317974,0.5860299942156331,0.33150557862429336,0.4622149687431797,0.13791144493879737,0.43811854927683563,0.010000000000000002,0.0,0.0,0.0,0.43963747425796845,0.02257749448521129,1.0,0.0,0.3285889119576267,0.0029166666666666685,0.0,0.0,0.0,0.0,0.0,0.0,0.0,0.0,0.0,0.06599323370121975,0.04949492527591479,0.0,0.0,0.0,0.004801889038203111,0.0,0.08991130990559731,0.0,0.04319824599499695,0.0,0.37212531557561596,0.27909398668171187,0.6779999999999985,0.0,512.1782685660713,0.0,82.605373412736,50.0,44.44,0.1371117233644131,49.998975355731204,383.1078648389125,0.0,512.1782685660713,129.07089595739998,49.998975355731204,49.99897535573121,49.998975355731204,9.920878641202478,7730.7025840119195,0.0,19.0,12.884504306686532,0.0,0.0,0.6,1.0,0.31602449359017254,7730.7025840119195,24462.352573333334,0.0,0.0,22.0,0.010000000000000002,0.0,0.0,0.0,0.0,0.0,0.0,1421.2409757218775,19.075554740432633,3.795152611279816,2.383534419895364,4.45,6.529479366362011,0.0,2.0,4255.241641361895,1439.9751806062093,178.53749536465966,720.7721796982609
2018-01-03 10:00:00,0.49447137667307306,0.29916585400211765,0.3706477564949299,0.49447137667307306,0.2991658540021176,0.37064775649492987,0.08947246022580496,0.3949989164472681,0.010000000000000002,0.0,0.0,0.0,0.35369799868912694,0.01694975780580293,1.0,0.0,0.29624918733545097,0.0029166666666666685,0.0,0.0,0.0,0.0,0.0,0.0,0.0,0.0,0.0,0.06438364263533634,0.04828773197650224,0.0,0.0,0.0,0.003772912815731015,0.0,0.057887343352801233,0.0,0.027812204057272725,0.0,0.33061527381193173,0.24796145535894873,0.6779999999999985,0.0,384.5111162036523,0.0,82.62744412169042,50.0,44.44,0.09140840076632413,49.99922990312572,255.4052432259417,0.0,384.5111162036523,129.10538144014126,49.99922990312572,49.99922990312573,49.99922990312572,9.920878641202478,6219.519928415925,0.0,19.0,10.365866547359877,0.0,0.0,0.6,1.0,0.25424864226656146,6219.519928415925,24462.352573333334,0.0,0.0,22.0,0.010000000000000002,0.0,0.0,0.0,0.0,0.0,0.0,1422.1467458932927,19.067874990304727,5.357671051684896,5.607047915744528,5.849999999999999,6.529479366362011,0.0,1.1666666666666667,3517.660257188071,1223.9270893860914,-27.127959125613597,1051.0183986254021
2018-01-03 11:00:00,0.6314045259272925,0.3346935662175062,0.3016396783548752,0.6314045259272925,0.33469356621750623,0.3016396783548752,0.12779402277377633,0.49361050315351607,0.010000000000000002,0.0,0.0,0.05124130375239661,0.24472962505427676,0.005668749548201845,1.0,0.0,0.33177689955083955,0.0029166666666666685,0.0,0.0,0.0,0.0,0.0,0.0,0.0,0.0,0.0,0.06438364263533634,0.04828773197650224,0.05124130375239661,0.0,0.05124130375239661,0.0025724405561802378,0.0,0.08458323228156191,0.0,0.040638349936034164,0.0,0.3779855567657832,0.2834891675743373,0.6779999999999985,0.0,128.59754347119923,0.0,82.30225155305453,50.0,44.44,0.0,49.999742334792465,0.0,0.0,128.59754347119923,128.59726805164772,49.999742334792465,49.999742334792465,49.999742334792465,9.920878641202478,4303.390988187751,0.0,19.0,7.172318313646252,0.0,0.0,0.6,1.0,0.17591893401450368,4303.390988187751,24462.352573333334,0.0,0.0,22.0,0.010000000000000002,0.0,0.0,0.0,0.0,0.0,0.0,1425.848318143194,19.190774006227965,5.599369792854369,8.737397595685962,6.3999999999999995,6.529479366362011,0.0,2.0,3017.978958752405,839.777585657865,-196.02148870097395,1259.368360793084
2018-01-03 12:00:00,1.6680244781135987,0.34106361561969417,0.3458168648320526,1.6680244781135984,0.34106361561969417,0.3458168648320526,0.12382854617622857,0.4508625986040367,0.010000000000000002,0.0,1.0833333333333333,0.0,0.2782702479715295,0.06754661686052313,1.0,0.0,0.3381469489530275,0.0029166666666666685,0.0,0.0,0.0,0.0,0.0,0.0,0.0,0.0,0.0,0.06760282476710315,0.05070211857532734,0.0,0.0,0.0,0.00205795244494419,0.0,0.08225219832104642,0.0,0.039518395410237946,0.0,0.3832597738369336,0.28744483037770013,0.008333333333333331,0.0,1532.318357724749,0.0,82.52232228382158,50.0,44.44,0.5023000371821655,49.99693329135719,1403.3774872494203,0.0,1532.318357724749,128.9411285684712,49.99693329135719,49.9969332913572,49.99693329135719,9.920878641202478,4893.178245730834,0.0,19.0,8.155297076218057,0.0,0.0,0.6,1.0,0.20002893143911837,4893.178245730834,24462.352573333334,0.0,0.0,22.0,0.010000000000000002,0.0,0.0,0.0,0.0,0.0,0.0,1426.6702087805818,19.101988253462416,5.485126587038696,10.437267434264113,6.1499999999999995,6.529479366362011,0.0,2.0,1780.6294621045283,958.2031181858478,-647.3479837192143,1336.8871889685477
2018-01-03 13:00:00,1.666866985366145,0.34106361561969417,0.3222742866798182,1.6668669853661449,0.34106361561969417,0.32227428667981817,0.1226710534287751,0.4508625986040367,0.010000000000000002,0.0,1.0833333333333333,0.0,0.31095551791527115,0.011318768764547084,1.0,0.0,0.3381469489530275,0.0029166666666666685,0.0,0.0,0.0,0.0,0.0,0.0,0.0,0.0,0.0,0.06760282476710315,0.05070211857532734,0.0,0.0,0.0,0.0018864564078655075,0.0,0.081586188618042,0.0,0.0391984084028676,0.0,0.3832597738369336,0.28744483037770013,0.028333333333333332,0.0,256.7701828882188,0.0,82.60323739859922,50.0,44.44,0.045703325980181654,49.99948606648406,127.70262161297086,0.0,256.7701828882188,129.06755843531127,49.99948606648406,49.999486066484074,49.99948606648406,9.920878641202478,5467.924748493572,0.0,19.0,9.113207914155954,0.0,0.0,0.6,1.0,0.22352407570374952,5467.924748493572,24462.352573333334,0.0,0.0,22.0,0.010000000000000002,0.0,0.0,0.0,0.0,0.0,0.0,1426.3806976013439,19.07751960884192,5.542342858256501,9.966981209062734,5.1,6.529479366362011,0.0,2.0,1401.1726377311534,592.6019884709559,-903.0490102394424,1425.3184713462026
2018-01-03 14:00:00,1.6635647617157445,0.3371079528163314,0.31017760005102496,1.663564761715744,0.3371079528163313,0.31017760005102496,0.12464304684952465,0.4455883815328863,0.010000000000000002,0.0,1.0833333333333333,0.0,0.2932520737771766,0.016925526273848347,1.0,0.0,0.3341912861496647,0.0029166666666666685,0.0,0.0,0.0,0.0,0.0,0.0,0.0,0.0,0.0,0.06760282476710315,0.05070211857532734,0.0,0.0,0.0,0.0018864564078655075,0.0,0.08291820802405085,0.0,0.039838382417608294,0.0,0.3779855567657832,0.2834891675743373,0.04833333333333334,0.0,383.96141552321,0.0,82.60338619921403,50.0,44.44,0.09140665192953305,49.99974166127521,255.40524322594172,0.0,383.96141552321,129.06779093627193,49.99974166127521,49.999741661275216,49.99974166127521,9.920878641202478,5156.622665850881,0.0,19.0,8.594371109751469,0.0,0.0,0.6,1.0,0.21079831346524577,5156.622665850881,24462.352573333334,0.0,0.0,22.0,0.010000000000000002,0.0,0.0,0.0,0.0,0.0,0.0,1423.940580961298,19.077145814698028,4.291808042201767,8.512725470681048,3.4499999999999997,6.529479366362011,0.0,2.0,1002.3436237871268,-526.7101517726975,-858.4656324864885,1492.4220561826912
2018-01-03 15:00:00,1.6831210920520048,0.344251603212907,0.30628705123643374,1.6831210920520048,0.344251603212907,0.3062870512364337,0.13467450999035108,0.45511324872832054,0.010000000000000002,0.0,1.0833333333333333,0.0,0.2836877414589195,0.022599309777514193,1.0,0.0,0.3413349365462403,0.0029166666666666685,0.0,0.0,0.0,0.0,0.0,0.0,0.0,0.0,0.0,0.06599323370121975,0.04949492527591479,0.0,0.0,0.0,0.00205795244494419,0.0,0.0895783050540951,0.0,0.043038252491311775,0.0,0.3891200150271008,0.2918400112703255,0.06833333333333333,0.0,512.6731560146004,0.0,82.59467632196204,50.0,44.44,0.13711521403689422,49.998464214373115,383.1078648389125,0.0,512.6731560146004,129.05418175306568,49.99846421437312,49.99846421437312,49.998464214373115,9.920878641202478,4988.4408958780305,0.0,19.0,8.314068159796717,0.0,0.0,0.6,1.0,0.2039231869021454,4988.4408958780305,24462.352573333334,0.0,0.0,22.0,0.010000000000000002,0.0,0.0,0.0,0.0,0.0,0.0,1417.8556822333112,19.079294455648977,1.845745902918484,6.657826468424626,0.9999999999999999,6.529479366362011,0.0,3.0,896.6264137433958,-1305.4425480420255,-821.297188574315,1150.6804588869654
2018-01-03 16:00:00,1.827547564322319,0.3797382445826787,0.3476138085762643,1.8275475643223191,0.37973824458267863,0.3476138085762643,0.1972532774707314,0.5369609535182545,0.010000000000000002,0.0,1.0833333333333333,0.03453218296357163,0.3074118967947204,0.005669728817972231,1.0,0.0,0.376821577916012,0.0029166666666666685,0.0,0.0,0.0,0.0,0.0,0.0,0.0,0.0,0.0,0.07082200689886999,0.05311650517415247,0.03453218296357163,0.0,0.03453218296357163,0.0032584247044949674,0.0,0.13103740906612052,0.0,0.06295744370011593,0.0,0.4316067636558128,0.3237050727418595,0.0883333333333333,0.0,128.61975854452302,0.0,82.31624662741655,50.0,44.44,0.0,49.99974194354513,0.0,0.0,128.61975854452302,128.61913535533836,49.99974194354513,49.99974194354514,49.99974194354513,9.920878641202478,5405.612769744176,0.0,19.0,9.009354616240294,0.0,0.0,0.6,1.0,0.2209768154366678,5405.612769744176,24462.352573333334,0.0,0.0,22.0,0.010000000000000002,0.0,0.0,0.0,0.0,0.0,0.0,1409.5996225056317,19.185534876004365,-0.7568981075912281,3.799502157394627,-1.6500000000000001,6.529479366362011,0.0,3.5,1382.3703459977987,-2084.5184346309684,-696.3793547146871,555.2739330206665
2018-01-03 17:00:00,2.4661743390912467,0.5033307164897499,0.47655510063460965,2.4661743390912463,0.5033307164897499,0.4765551006346096,0.3065813516810294,1.066259654076884,0.010000000000000002,0.0,1.0833333333333333,0.0,0.4311488151672062,0.04540628546740347,1.0,0.0,0.5004140498230832,0.0029166666666666685,0.0,0.0,0.0,0.0,0.0,0.0,0.0,0.4926368541073202,0.07019694984591061,0.07726037116240361,0.057945278371802696,0.0,0.0,0.0,0.006345353371911252,0.0,0.20279995456484726,0.0,0.09743604374427088,0.0,0.49636242880716014,0.37227182160537,0.10833333333333324,0.0,1030.0572850519213,0.0,82.43189829206383,50.0,44.44,0.32256278277598033,49.99793862017754,901.2577453707216,0.0,1030.0572850519213,128.79984108134974,49.99793862017754,49.99793862017754,49.99793862017754,9.920878641202478,7581.435738917532,0.0,19.0,12.635726231529219,0.0,0.0,0.6,1.0,0.30992259293908364,7581.435738917532,24462.352573333334,0.0,0.0,22.0,0.010000000000000002,0.0,0.0,0.0,0.0,0.0,0.0,1394.3998491928178,19.138129201718716,-3.3370376505181327,0.5274042204951164,-4.3999999999999995,6.529479366362011,0.0,4.0,2149.5506706752217,-2754.7491273287783,-527.7330652673094,21.362698985500987
2018-01-03 18:00:00,2.11846999925877,0.4610402024198918,0.5685470429269538,2.11846999925877,0.46104020241989174,0.5685470429269538,0.41430528492113666,0.6108313810043003,0.010000000000000002,0.0,1.0833333333333333,0.0,0.5270539432166428,0.041493099710311,1.0,0.0,0.4581235357532251,0.0029166666666666685,0.0,0.0,0.0,0.0,0.0,0.0,0.0,0.0,0.0,0.08047955329417043,0.06035966497062781,0.0,0.0,0.0,0.008403305816855444,0.0,0.27417399440348805,0.0,0.13172798470079317,0.0,0.5303518277101299,0.3977638707825973,0.12833333333333322,0.0,941.2853131682455,0.0,82.43365946211343,50.0,44.44,0.29097466741846856,49.99864004705662,813.0082591422355,0.0,941.2853131682455,128.80259290955223,49.99864004705662,49.99864004705662,49.99864004705662,9.920878641202478,9267.857085239639,0.0,19.0,15.446428475399399,0.0,0.0,0.6,1.0,0.3788620516958221,9267.857085239639,24462.352573333334,0.0,0.0,22.0,0.010000000000000002,0.0,0.0,0.0,0.0,0.0,0.0,1385.6475245337826,19.13814435521726,-4.9783595855370315,-2.374724457106398,-5.699999999999999,6.529479366362011,0.0,3.3333333333333335,3110.6037302942045,-2028.623959873783,-315.86308072583745,0.0
2018-01-03 19:00:00,2.189065671518235,0.4640465389219713,0.6244566827650941,2.189065671518235,0.4640465389219713,0.6244566827650941,0.48089250851116216,0.6148398296737396,0.010000000000000002,0.0,1.0833333333333333,0.0,0.5976702525310386,0.026786430234055563,1.0,0.0,0.4611298722553046,0.0029166666666666685,0.0,0.0,0.0,0.0,0.0,0.0,0.0,0.0,0.0,0.07726037116240361,0.057945278371802696,0.0,0.0,0.0,0.011147242410114366,0.0,0.31729812267302454,0.0,0.15244714342802315,0.0,0.537579458511336,0.4031845938835019,0.14833333333333318,0.0,607.6594312682013,0.0,82.40353728753553,50.0,44.44,0.17120610720974697,49.99825941895736,478.3780746136684,0.0,607.6594312682013,128.75552701177426,49.99825941895736,49.99825941895737,49.99825941895736,9.920878641202478,10509.593099239792,0.0,19.0,17.515988498732984,0.0,0.0,0.6,1.0,0.4296231553254779,10509.593099239792,24462.352573333334,0.0,0.0,22.0,0.010000000000000002,0.0,0.0,0.0,0.0,0.0,0.0,1378.8668018865012,19.150403534735464,-5.279276243526399,-3.6549656704581515,-6.3999999999999995,6.529479366362011,0.0,3.8333333333333335,3936.7535914377627,-2761.8981092804042,-226.3590254451518,0.0
2018-01-03 20:00:00,2.3127477088317945,0.4911617438379455,0.8027663489337112,2.312747708831794,0.4911617438379455,0.8027663489337112,0.39061355488669847,0.8288008206117627,0.010000000000000002,0.0,1.0833333333333333,0.10654983447073389,0.6776880090803082,0.018528505382669088,1.0,0.0,0.4882450771712788,0.0029166666666666685,0.0,0.0,0.02251973880836343,0.026328492105324886,0.23504923839174108,0.0334927025072105,0.10654983447073389,0.0,0.0,0.07565078009652021,0.05673808507239014,0.0,0.0,0.0,0.015606139374160109,0.0,0.2533056903760161,0.0,0.12170172513652226,0.0,0.4955810633151379,0.3716857974863534,0.16833333333333314,0.0,420.3255508368591,0.0,82.32391578332197,50.0,44.44,0.10444746542132001,49.99930131052897,291.83743853895345,0.0,420.3255508368591,128.63111841144058,49.99930131052897,49.99930131052897,49.99930131052897,9.920878641202478,11916.646668470565,0.0,19.0,19.861077780784274,0.0,0.0,0.6,1.0,0.4871422988752531,11916.646668470565,24462.352573333334,0.0,0.0,22.0,0.010000000000000002,0.0,0.0,0.0,0.0,0.0,0.0,1364.4467194341667,19.181406507715877,-6.75188109744485,-4.846095700535449,-8.0,6.529479366362011,0.0,3.6666666666666665,4716.163770905032,-3180.0895174260404,-245.15480665010816,0.0
2018-01-03 21:00:00,2.042837260890975,0.4947825379512764,0.8333327449774206,2.042837260890975,0.4947825379512763,0.8333327449774205,0.32514505917500325,0.6243588683826387,0.010000000000000002,0.0,1.0833333333333333,0.0,0.7710205405118987,0.06231220446552178,1.0,0.0,0.49186587128460973,0.0029166666666666685,0.0,0.0,0.05629934702090857,0.06582123026331221,0.0,0.0,0.0,0.0,0.0,0.07404118903063679,0.05553089177297758,0.0,0.0,0.0,0.018007083893261663,0.0,0.20746202248587822,0.0,0.09967595279586332,0.0,0.4940183323310932,0.37051374924831987,0.18833333333333313,0.0,1413.5739027459797,0.0,82.4237254816371,50.0,44.44,0.4598412752668452,49.997187167262666,1284.8033423550155,0.0,1413.5739027459797,128.78707106505797,49.997187167262666,49.99718716726267,49.997187167262666,9.920878641202478,13557.8307898387,0.0,19.0,22.596384649731164,0.0,0.0,0.6,1.0,0.5542324986607475,13557.8307898387,24462.352573333334,0.0,0.0,22.0,0.010000000000000002,0.0,0.0,0.0,0.0,0.0,0.0,1349.9953375202886,19.139446733643567,-8.06988965147743,-6.290137772053478,-9.35,6.529479366362011,0.0,4.0,4971.234711836195,-3264.3375758974144,-258.21038910203663,0.0
2018-01-03 22:00:00,1.6804196362746027,0.32282065202317994,0.9132785643767,1.6804196362746027,0.32282065202317994,0.9132785643767,0.16054765579925162,0.42653864714201783,0.010000000000000002,0.0,1.0833333333333333,0.0,0.8682436376373702,0.04503492673932969,1.0,0.0,0.31990398535651327,0.0029166666666666685,0.0,0.0,0.0,0.0,0.0,0.0,0.0,0.0,0.0,0.07082200689886999,0.05311650517415247,0.0,0.0,0.0,0.015606139374160109,0.0,0.09790342634165039,0.0,0.04703809008344112,0.0,0.3557166402431478,0.2667874801823608,0.20833333333333307,0.0,1021.6328839082822,0.0,82.56296032672063,50.0,44.44,0.319422570896539,49.99779623835425,892.4688634927071,0.0,1021.6328839082822,129.00462551050097,49.99779623835425,49.997796238354255,49.99779623835425,9.920878641202478,15267.427655852225,0.0,19.0,25.445712759753707,0.0,0.0,0.6,1.0,0.6241193527925604,15267.427655852225,24462.352573333334,0.0,0.0,22.0,0.010000000000000002,0.0,0.0,0.0,0.0,0.0,0.0,1333.98250799528,19.089024613515814,-9.154144074683016,-7.6626445610792215,-10.65,6.529479366362011,0.0,4.0,5437.088186956643,-3696.5083944329504,-265.6041905608228,0.0
2018-01-03 23:00:00,1.5134597813511057,0.27619955239209065,0.9566007006471442,1.5134597813511055,0.27619955239209065,0.9566007006471442,0.05574926705054037,0.36437718096723204,0.010000000000000002,0.0,1.0833333333333333,0.0,0.9509077469804664,0.005692953666677759,1.0,0.0,0.273282885725424,0.0029166666666666685,0.0,0.0,0.0,0.0,0.0,0.0,0.0,0.0,0.0,0.06599323370121975,0.04949492527591479,0.0,0.0,0.0,0.010804250335956998,0.0,0.03035894229528502,0.0,0.014586074419298352,0.0,0.2983839472660123,0.22378796044950913,0.22833333333333306,0.0,129.14662226739966,0.0,82.6538439281548,50.0,44.44,0.0,49.99974151928391,0.0,0.0,129.14662226739966,129.14663113774188,49.99974151928391,49.99974151928391,49.99974151928391,9.920878641202478,16721.01539830372,0.0,19.0,27.868358997172862,0.0,0.0,0.6,1.0,0.6835407734467646,16721.01539830372,24462.352573333334,0.0,0.0,22.0,0.010000000000000002,0.0,0.0,0.0,0.0,0.0,0.0,1317.767363022609,19.05915820491455,-10.3565977436529,-8.981966505036814,-11.9,6.529479366362011,0.0,4.0,5876.783333205654,-3813.232075759089,-267.0686728434153,0.0
