Time,Total Electric Power (kW),Total Reactive Power (kVAR),Total Gas Power (therms/hour),Total Electric Energy (kWh),Total Reactive Energy (kVARh),Total Gas Energy (therms),HVAC Cooling Electric Power (kW),HVAC Heating Electric Power (kW),PV Electric Power (kW),Other Electric Power (kW),Lighting Electric Power (kW),Water Heating Gas Power (therms/hour),HVAC Heating Gas Power (therms/hour),Other Gas Power (therms/hour),Grid Voltage (-),HVAC Cooling Reactive Power (kVAR),HVAC Heating Reactive Power (kVAR),PV Reactive Power (kVAR),Other Reactive Power (kVAR),Lighting Reactive Power (kVAR),Clothes Washer Electric Power (kW),Clothes Washer Reactive Power (kVAR),Clothes Dryer Electric Power (kW),Clothes Dryer Reactive Power (kVAR),Clothes Dryer Gas Power (therms/hour),Dishwasher Electric Power (kW),Dishwasher Reactive Power (kVAR),Refrigerator Electric Power (kW),Refrigerator Reactive Power (kVAR),Cooking Range Electric Power (kW),Cooking Range Reactive Power (kVAR),Cooking Range Gas Power (therms/hour),Exterior Lighting Electric Power (kW),Exterior Lighting Reactive Power (kVAR),Indoor Lighting Electric Power (kW),Indoor Lighting Reactive Power (kVAR),Basement Lighting Electric Power (kW),Basement Lighting Reactive Power (kVAR),MELs Electric Power (kW),MELs Reactive Power (kVAR),PV P Setpoint (kW),PV Q Setpoint (kW),Water Heating Delivered (W),Water Heating COP (-),Water Heating Total Sensible Heat Gain (W),Water Heating Deadband Upper Limit (C),Water Heating Deadband Lower Limit (C),Hot Water Delivered (L/min),Hot Water Outlet Temperature (C),Hot Water Delivered (W),Hot Water Unmet Demand (kW),Hot Water Heat Injected (W),Hot Water Heat Loss (W),Hot Water Average Temperature (C),Hot Water Maximum Temperature (C),Hot Water Minimum Temperature (C),Hot Water Mains Temperature (C),HVAC Heating Delivered (W),HVAC Heating Duct Losses (W),HVAC Heating Setpoint (C),HVAC Heating Main Power (kW),HVAC Heating Fan Power (kW),HVAC Heating Latent Gains (W),HVAC Heating COP (-),HVAC Heating SHR (-),HVAC Heating Speed (-),HVAC Heating Capacity (W),HVAC Heating Max Capacity (W),HVAC Cooling Delivered (W),HVAC Cooling Duct Losses (W),HVAC Cooling Setpoint (C),HVAC Cooling Main Power (kW),HVAC Cooling Fan Power (kW),HVAC Cooling Latent Gains (W),HVAC Cooling COP (-),HVAC Cooling SHR (-),HVAC Cooling Speed (-),HVAC Cooling Capacity (W),HVAC Cooling Max Capacity (W),Temperature - Indoor (C),Temperature - Foundation (C),Temperature - Attic (C),Temperature - Outdoor (C),Temperature - Ground (C),Unmet HVAC Load (C),Occupancy (Persons),Net Sensible Heat Gain - Indoor (W),Net Sensible Heat Gain - Foundation (W),Net Sensible Heat Gain - Attic (W),Window Transmitted Solar Gain (W)
2018-01-01 00:00:00,0.3791770942655053,0.2555803101502493,1.2078457060718375,0.3791770942655052,0.2555803101502493,1.2078457060718375,0.010000000000000002,0.0,0.0,0.33688485797811024,0.03229223628739501,0.005817118464022066,1.2020285876078154,0.0,1.0,0.0029166666666666685,0.0,0.0,0.2526636434835826,0.0,0.0,0.0,0.0,0.0,0.0,0.0,0.0,0.06438364263533634,0.04828773197650224,0.0,0.0,0.0,0.007888817705619396,0.0,0.016483740149359508,0.0,0.007919678432416108,0.0,0.2725012153427739,0.20437591150708034,0.0,0.0,131.9633436251358,0.0,84.45654727467893,51.666666666666686,46.10666666666668,0.0,51.66640255083993,0.0,0.0,131.9633436251358,131.9633551166858,51.66640255083993,51.66640255083993,51.66640255083993,10.042356980382465,21136.791225452525,0.0,20.000000000000057,35.22798537575421,0.0,0.0,0.6,1.0,0.8640539033230173,21136.791225452525,24462.352573333334,0.0,0.0,22.222222222222285,0.010000000000000002,0.0,0.0,0.0,0.0,0.0,0.0,1258.0995046281269,20.05099649949748,-14.159399478463882,-8.394907273473299,-18.0,6.529479366362011,0.0,4.0,5908.658634636727,-9846.898330667716,-851.7828527754926,0.0
2018-01-01 01:00:00,0.3775675031996218,0.2543731168508367,1.2241120571931672,0.37756750319962185,0.2543731168508367,1.224112057193167,0.010000000000000002,0.0,0.0,0.3352752669122268,0.03229223628739501,0.005817406306948043,1.218294650886219,0.0,1.0,0.0029166666666666685,0.0,0.0,0.25145645018417,0.0,0.0,0.0,0.0,0.0,0.0,0.0,0.0,0.06277405156945293,0.04708053867708969,0.0,0.0,0.0,0.007888817705619396,0.0,0.016483740149359508,0.0,0.007919678432416108,0.0,0.2725012153427739,0.20437591150708034,0.0,0.0,131.96987344143326,0.0,84.46071920640621,51.666666666666686,46.10666666666668,0.0,51.66640252662908,0.0,0.0,131.96987344143326,131.9698737600097,51.66640252662908,51.66640252662909,51.66640252662908,10.042356980382465,21422.818019756847,0.0,20.000000000000057,35.70469669959474,0.0,0.0,0.6,1.0,0.8757464334444302,21422.818019756847,24462.352573333334,0.0,0.0,22.222222222222285,0.010000000000000002,0.0,0.0,0.0,0.0,0.0,0.0,1264.557756839013,20.049434762606015,-15.75917378795607,-12.950199170918404,-17.3,6.529479366362011,0.0,4.0,6499.469008487064,-4633.122752214033,-373.0269271946,0.0
2018-01-01 02:00:00,0.3759579121337384,0.25316592355142414,1.218938869735968,0.3759579121337384,0.2531659235514241,1.2189388697359678,0.010000000000000002,0.0,0.0,0.33366567584634343,0.03229223628739501,0.005817448285363264,1.2131214214506045,0.0,1.0,0.0029166666666666685,0.0,0.0,0.25024925688475746,0.0,0.0,0.0,0.0,0.0,0.0,0.0,0.0,0.06116446050356953,0.04587334537767714,0.0,0.0,0.0,0.007888817705619396,0.0,0.016483740149359508,0.0,0.007919678432416108,0.0,0.2725012153427739,0.20437591150708034,0.0,0.0,131.97082573629658,0.0,84.46132867511874,51.666666666666686,46.10666666666668,0.0,51.66640252472305,0.0,0.0,131.97082573629658,131.97082605487302,51.66640252472305,51.66640252472305,51.66640252472305,10.042356980382465,21331.850573833155,0.0,20.000000000000057,35.55308428972192,0.0,0.0,0.6,1.0,0.8720277622474965,21331.850573833155,24462.352573333334,0.0,0.0,22.222222222222285,0.010000000000000002,0.0,0.0,0.0,0.0,0.0,0.0,1279.1719432624225,20.049206612599306,-14.394814262629865,-14.064055248494133,-15.950000000000001,6.529479366362011,0.0,4.0,7099.293741834449,-4161.729908272332,-199.20184253434914,0.0
2018-01-01 03:00:00,0.37434832106785504,0.2519587302520116,1.2074687408390095,0.374348321067855,0.2519587302520116,1.2074687408390092,0.010000000000000002,0.0,0.0,0.33205608478046,0.03229223628739501,0.005817490263778694,1.2016512505752306,0.0,1.0,0.0029166666666666685,0.0,0.0,0.2490420635853449,0.0,0.0,0.0,0.0,0.0,0.0,0.0,0.0,0.05955486943768611,0.04466615207826457,0.0,0.0,0.0,0.007888817705619396,0.0,0.016483740149359508,0.0,0.007919678432416108,0.0,0.2725012153427739,0.20437591150708034,0.0,0.0,131.9717780311647,0.0,84.4619381438333,51.666666666666686,46.10666666666668,0.0,51.66640252281701,0.0,0.0,131.9717780311647,131.97177834973954,51.66640252281701,51.66640252281701,51.66640252281701,10.042356980382465,21130.156030448343,0.0,20.000000000000057,35.21692671741391,0.0,0.0,0.6,1.0,0.8637826622400393,21130.156030448343,24462.352573333334,0.0,0.0,22.222222222222285,0.010000000000000002,0.0,0.0,0.0,0.0,0.0,0.0,1290.9909648129483,20.0489784625926,-13.241177057604512,-13.913451064818139,-14.850000000000001,6.529479366362011,0.0,4.0,7484.326057846491,-3904.3460028747104,-145.53187718691595,0.0
2018-01-01 04:00:00,0.3933537477458023,0.26569515198752536,1.1861485484409433,0.39335374774580234,0.26569515198752536,1.186148548440943,0.010000000000000002,0.0,0.0,0.350371313761145,0.03298243398465735,0.005817114685975203,1.180331433754968,0.0,1.0,0.0029166666666666685,0.0,0.0,0.2627784853208587,0.0,0.0,0.0,0.0,0.0,0.0,0.0,0.0,0.05794527837180271,0.04345895877885201,0.0,0.0,0.0,0.007888817705619396,0.0,0.016949946941462603,0.0,0.00814366933757535,0.0,0.2924260353893423,0.21931952654200668,0.0,0.0,131.96325791883646,0.0,84.4564828372881,51.666666666666686,46.10666666666668,0.0,51.666402536076816,0.0,0.0,131.96325791883646,131.96325443326268,51.666402536076816,51.66640253607682,51.666402536076816,10.042356980382465,20755.26268619636,0.0,20.000000000000057,34.59210447699393,0.0,0.0,0.6,1.0,0.8484573437479552,20755.26268619636,24462.352573333334,0.0,0.0,22.222222222222285,0.010000000000000002,0.0,0.0,0.0,0.0,0.0,0.0,1303.5943351145431,20.051020613399945,-12.198538347046593,-13.421252947385861,-13.700000000000001,6.529479366362011,0.0,3.0,7679.156303461529,-3347.3297226483282,-122.26160886850066,0.0
2018-01-01 05:00:00,0.44121553976951383,0.2845944298258145,1.13200052085614,0.4412155397695137,0.2845944298258145,1.1320005208561397,0.010000000000000002,0.0,0.0,0.37557035087886387,0.05564518889064987,0.005816036518840207,1.1261844843372997,0.0,1.0,0.0029166666666666685,0.0,0.0,0.28167776315914783,0.0,0.0,0.0,0.0,0.0,0.0,0.0,0.0,0.05794527837180271,0.04345895877885201,0.0,0.0,0.0,0.006345353371911252,0.0,0.03330048515022123,0.0,0.01599935036851739,0.0,0.3176250725070612,0.23821880438029583,0.0,0.0,131.93879932460277,0.0,84.44082572847462,51.666666666666686,46.10666666666668,0.0,51.66640257940889,0.0,0.0,131.93879932460277,131.93879020074158,51.66640257940889,51.666402579408896,51.66640257940889,10.042356980382465,19803.12828844957,0.0,20.000000000000057,33.005213814082616,0.0,0.0,0.6,1.0,0.809534905896057,19803.12828844957,24462.352573333334,0.0,0.0,22.222222222222285,0.010000000000000002,0.0,0.0,0.0,0.0,0.0,0.0,1323.6143708741458,20.056881730835432,-10.691476582620297,-12.646915275139198,-12.049999999999999,6.529479366362011,0.0,3.0,7731.14340669451,-2673.97903811546,-88.60998947483246,0.0
2018-01-01 06:00:00,1.0539382845073273,0.5475315481118257,1.2340007413296752,1.0539382845073273,0.5475315481118256,1.2340007413296752,0.010000000000000002,0.0,0.0,0.9383502554617215,0.1055880290456059,0.037262020629108585,1.0269249220128345,0.16981379868773216,1.0,0.0029166666666666685,0.0,0.0,0.544614881445159,0.0,0.16326810636063485,0.19088156776360543,0.37460972368683737,0.05337899462086674,0.16981379868773216,0.0,0.0,0.06116446050356953,0.04587334537767714,0.0,0.0,0.0,0.006002361297753889,0.0,0.06726698000344689,0.0,0.03231868774440513,0.0,0.33930796491067977,0.2544809736830097,0.0,0.0,845.3018213155134,0.0,84.175166862801,51.666666666666686,46.10666666666668,0.24607943427466314,51.6652700903729,714.0742752318171,0.0,845.3018213155134,131.52369822312656,51.6652700903729,51.66527009037291,51.6652700903729,10.042356980382465,18057.721675319553,0.0,20.000000000000057,30.09620279219926,0.0,0.0,0.6,1.0,0.7381841800041942,18057.721675319553,24462.352573333334,0.0,0.0,22.222222222222285,0.010000000000000002,0.0,0.0,0.0,0.0,0.0,0.0,1342.9483435250484,20.153223701007345,-9.100319102000931,-11.483826594261268,-10.4,6.529479366362011,0.0,3.0,7893.7950886924655,-2395.3503369066484,-67.4574145095453,0.0
2018-01-01 07:00:00,1.0089713290395548,0.3891415397225377,1.1812046892023962,1.0089713290395548,0.3891415397225377,1.1812046892023962,0.010000000000000002,0.0,-0.0015681897870958418,0.8719520631243164,0.12858745570233435,0.03939741867231185,0.9420263308974582,0.19978093963262608,1.0,0.0029166666666666685,0.0,0.0,0.386224873055871,0.0,0.0,0.0,0.4407173219845146,0.0627988172010197,0.19978093963262608,0.0,0.0,0.06438364263533634,0.04828773197650224,0.0,0.0,0.0,0.0058308652606752056,0.0,0.08291820802405085,0.0,0.039838382417608294,0.0,0.3668510985044655,0.2751383238783491,-0.0015681897870958418,0.0,893.7440642394848,0.0,84.06292317843125,51.666666666666686,46.10666666666668,0.2626313837408311,51.66458350473493,762.1005945515868,0.0,893.7440642394848,131.34831746629882,51.664583504734935,51.664583504734935,51.66458350473493,10.042356980382465,16564.84220952248,0.0,20.000000000000057,27.608070349204137,0.0,0.0,0.6,1.0,0.6771565473870239,16564.84220952248,24462.352573333334,0.0,0.0,22.222222222222285,0.010000000000000002,0.0,0.0,0.0,0.0,0.0,0.0,1363.112322351035,20.19471621985369,-7.626141595794857,-10.180384840744981,-8.7,6.529479366362011,0.0,3.0,7557.378178618881,-1678.8834094029673,-33.197191006279404,34.33852255640937
2018-01-01 08:00:00,0.6184380242770061,0.3318258313575894,1.0156434135533778,0.6184380242770061,0.33182583135758936,1.0156434135533778,0.010000000000000002,0.0,-0.12686598070694605,0.6527368923511234,0.08256711263282876,0.011404544397816753,0.8843703053759855,0.11986856377957562,1.0,0.0029166666666666685,0.0,0.0,0.32890916469092274,0.0,0.0,0.0,0.26443039319070877,0.03767929032061181,0.11986856377957562,0.0,0.0,0.06599323370121975,0.04949492527591479,0.0,0.0,0.0,0.005659369223596524,0.0,0.05194875683434511,0.0,0.024958986574887123,0.0,0.3223132654591949,0.2417349490943961,-0.12686598070694605,0.0,258.7160327858677,0.0,84.17202851917095,51.666666666666686,46.10666666666668,0.04383220615164959,51.66614783729637,127.19623134073636,0.0,258.7160327858677,131.5187945612046,51.66614783729637,51.666147837296386,51.66614783729637,10.042356980382465,15551.003281812764,0.0,20.000000000000057,25.918338803021275,0.0,0.0,0.6,1.0,0.6357116812536288,15551.003281812764,24462.352573333334,0.0,0.0,22.222222222222285,0.010000000000000002,0.0,0.0,0.0,0.0,0.0,0.0,1382.7083710365512,20.156922967478376,-5.7877429486569545,-8.493016466812948,-6.800000000000001,6.529479366362011,0.0,1.0,7042.85161349825,-1180.8203705588046,-5.114494032313764,279.3773010835925
2018-01-01 09:00:00,0.16983023582511403,0.29414654103697757,0.8096492675179232,0.16983023582511403,0.29414654103697757,0.8096492675179232,0.010000000000000002,0.0,-0.31215788920348553,0.38830649916041465,0.0836816258681849,0.011421656851096425,0.7982276106668268,0.0,1.0,0.0029166666666666685,0.0,0.0,0.2912298743703109,0.0,0.0,0.0,0.0,0.0,0.0,0.0,0.0,0.06599323370121975,0.04949492527591479,0.0,0.0,0.0,0.004801889038203111,0.0,0.05328077624035396,0.0,0.02559896058962782,0.0,0.3223132654591949,0.2417349490943961,-0.31215788920348553,0.0,259.1042347051481,0.0,84.42112213992309,51.666666666666686,46.10666666666668,0.0438322071985004,51.66614806431027,127.19623134073636,0.0,259.1042347051481,131.90800334362982,51.66614806431027,51.66614806431027,51.66614806431027,10.042356980382465,14036.247166661662,0.0,20.000000000000057,23.393745277769437,0.0,0.0,0.6,1.0,0.5737897499671688,14036.247166661662,24462.352573333334,0.0,0.0,22.222222222222285,0.010000000000000002,0.0,0.0,0.0,0.0,0.0,0.0,1403.2619953375279,20.063677173997092,-3.7570136758499992,-5.907621632276762,-4.05,6.529479366362011,0.0,1.0,6549.326871110203,61.735742092770806,48.09215041303352,924.4022486671244
2018-01-01 10:00:00,-0.008664504140201548,0.2867128414730124,0.6378878120619027,-0.008664504140201548,0.28671284147301235,0.6378878120619027,0.010000000000000002,0.0,-0.4689893393023831,0.37839489974179447,0.07192993542038714,0.00581488115501053,0.6320729309068921,0.0,1.0,0.0029166666666666685,0.0,0.0,0.2837961748063457,0.0,0.0,0.0,0.0,0.0,0.0,0.0,0.0,0.06438364263533634,0.04828773197650224,0.0,0.0,0.0,0.003772912815731015,0.0,0.04603792072018084,0.0,0.022119101884475287,0.0,0.3140112571064581,0.23550844282984348,-0.4689893393023831,0.0,131.91258949665948,0.0,84.42405721034676,51.666666666666686,46.10666666666668,0.0,51.66640264086118,0.0,0.0,131.91258949665948,131.91258939116682,51.666402640861186,51.666402640861186,51.66640264086118,10.042356980382465,11114.538969848369,0.0,20.000000000000057,18.524231616413946,0.0,0.0,0.6,1.0,0.45435282385572523,11114.538969848369,24462.352573333334,0.0,0.0,22.222222222222285,0.010000000000000002,0.0,0.0,0.0,0.0,0.0,0.0,1425.0907449415333,20.063158903529985,-0.6204952712345005,-1.447571157825915,-0.40000000000000013,6.529479366362011,0.0,0.8333333333333334,5553.415132384546,710.8293298911467,-51.49228027234515,1308.3646470337032
2018-01-01 11:00:00,-0.28490962147034615,0.2555803101502493,0.5542380578588352,-0.2849096214703461,0.2555803101502493,0.5542380578588352,0.010000000000000002,0.0,-0.6587703385864122,0.33688485797811024,0.02697585913795585,0.03600626856609971,0.5182317892927354,0.0,1.0,0.0029166666666666685,0.0,0.0,0.2526636434835826,0.0,0.0,0.0,0.0,0.0,0.0,0.0,0.0,0.06438364263533634,0.04828773197650224,0.0,0.0,0.0,0.0025724405561802378,0.0,0.016483740149359508,0.0,0.007919678432416108,0.0,0.2725012153427739,0.20437591150708034,-0.6587703385864122,0.0,816.8146515898628,0.0,84.45414888501337,51.666666666666686,46.10666666666668,0.2360941607808497,51.66528588895679,685.1098598141251,0.0,816.8146515898628,131.95960763283338,51.66528588895679,51.66528588895679,51.66528588895679,10.042356980382465,9112.725978067272,0.0,20.000000000000057,15.187876630112122,0.0,0.0,0.6,1.0,0.3725204250388064,9112.725978067272,24462.352573333334,0.0,0.0,22.222222222222285,0.010000000000000002,0.0,0.0,0.0,0.0,0.0,0.0,1435.662761468817,20.04889968259026,2.4336202340378286,3.5957259552379597,2.1,6.529479366362011,0.0,0.0,4490.628652953077,1093.2030342855026,-63.29984657067877,1282.0513811698713
2018-01-01 12:00:00,-0.23928137421129161,0.3064881925977078,0.5148255861842621,-0.23928137421129161,0.30648819259770776,0.5148255861842621,0.010000000000000002,0.0,-0.7372817570518136,0.4047620345747216,0.08323834826580044,0.07264060896217112,0.442184977222091,0.0,1.0,0.0029166666666666685,0.0,0.0,0.30357152593104114,0.0,0.0,0.0,0.0,0.0,0.0,0.0,0.0,0.06760282476710315,0.05070211857532734,0.0,0.0,0.0,0.00205795244494419,0.0,0.054834798880697616,0.0,0.02634559694015863,0.0,0.33715920980761843,0.2528694073557138,-0.7372817570518136,0.0,1647.877329798478,0.0,84.4116456956883,51.666666666666686,46.10666666666668,0.5225451791171783,51.66364332889864,1516.25983709354,0.0,1647.877329798478,131.893196399513,51.66364332889864,51.66364332889864,51.66364332889864,10.042356980382465,7775.498555467176,0.0,20.000000000000057,12.959164259111958,0.0,0.0,0.6,1.0,0.31785571449670497,7775.498555467176,24462.352573333334,0.0,0.0,22.222222222222285,0.010000000000000002,0.0,0.0,0.0,0.0,0.0,0.0,1439.9794686206867,20.06102834175441,3.6703499960479764,7.187178054875763,3.6,6.529479366362011,0.0,1.1666666666666667,3603.4604432021893,1067.5189537221972,-358.0246764253612,1222.4993526903388
2018-01-01 13:00:00,-0.0037029181260867703,0.34106361561969417,0.4423653020923575,-0.0037029181260867725,0.34106361561969417,0.4423653020923575,0.010000000000000002,0.0,-0.5872365701588986,0.4508625986040367,0.1226710534287751,0.03757817843323195,0.4047871236591256,0.0,1.0,0.0029166666666666685,0.0,0.0,0.3381469489530275,0.0,0.0,0.0,0.0,0.0,0.0,0.0,0.0,0.06760282476710315,0.05070211857532734,0.0,0.0,0.0,0.0018864564078655075,0.0,0.081586188618042,0.0,0.0391984084028676,0.0,0.3832597738369336,0.28744483037770013,-0.5872365701588986,0.0,852.4739704136176,0.0,84.37618310003887,51.666666666666686,46.10666666666668,0.2481598142712135,51.664431391401905,720.1056483311531,0.0,852.4739704136176,131.83778609381073,51.664431391401905,51.66443139140191,51.664431391401905,10.042356980382465,7117.884725655041,0.0,20.000000000000057,11.863141209425068,0.0,0.0,0.6,1.0,0.290973024949952,7117.884725655041,24462.352573333334,0.0,0.0,22.222222222222285,0.010000000000000002,0.0,0.0,0.0,0.0,0.0,0.0,1442.282652796377,20.07751960884198,4.463296452353929,8.288285307049515,3.85,6.529479366362011,0.0,2.5,2874.797101754726,675.098899222046,-626.5922914621443,1271.2321436208074
2018-01-01 14:00:00,0.17617036523815596,0.35688626683314556,0.38851771520903394,0.17617036523815593,0.3568862668331455,0.3885177152090339,0.010000000000000002,0.0,-0.45483556708178297,0.4719594668886386,0.14904646543130026,0.0241450362949953,0.36437267891403863,0.0,1.0,0.0029166666666666685,0.0,0.0,0.3539696001664789,0.0,0.0,0.0,0.0,0.0,0.0,0.0,0.0,0.06760282476710315,0.05070211857532734,0.0,0.0,0.0,0.0018864564078655075,0.0,0.09940194817341036,0.0,0.0477580608500244,0.0,0.40435664212153544,0.3032674815911515,-0.45483556708178297,0.0,547.7384964986255,0.0,84.36927192305349,51.666666666666686,46.10666666666668,0.14332817396230102,51.66557033460351,415.9114866062173,0.0,547.7384964986255,131.82698737977105,51.66557033460351,51.66557033460352,51.66557033460351,10.042356980382465,6407.226352072167,0.0,20.000000000000057,10.678710586786943,0.0,0.0,0.6,1.0,0.2619219199324578,6407.226352072167,24462.352573333334,0.0,0.0,22.222222222222285,0.010000000000000002,0.0,0.0,0.0,0.0,0.0,0.0,1443.5011705113936,20.081769367524398,4.00086574307283,7.681077102312396,3.5999999999999996,6.529479366362011,0.0,3.0,2295.5677434886716,882.9513234960722,-603.1888215349401,1364.130376932184
2018-01-01 15:00:00,0.40154617607789445,0.38776389404989836,0.3294969307863926,0.40154617607789445,0.3877638940498983,0.32949693078639253,0.010000000000000002,0.0,-0.3138296136518097,0.5164714606687406,0.18890432906096352,0.005809135953731153,0.3203459706748964,0.003341824157764996,1.0,0.0029166666666666685,0.0,0.0,0.3848472273832317,0.0,0.0,0.0,0.0,0.0,0.0,0.0,0.0,0.06599323370121975,0.04949492527591479,0.003341824157764996,0.0,0.003341824157764996,0.00205795244494419,0.0,0.12620883871933844,0.0,0.060637537896680895,0.0,0.4471364028097559,0.3353523021073168,-0.3138296136518097,0.0,131.78225761923338,0.0,84.34064118666265,51.666666666666686,46.10666666666668,0.0,51.666402896079525,0.0,0.0,131.78225761923338,131.78225185416036,51.666402896079525,51.666402896079525,51.666402896079525,10.042356980382465,5633.048973939559,0.0,20.000000000000057,9.388414956565933,0.0,0.0,0.6,1.0,0.23027421246802748,5633.048973939559,24462.352573333334,0.0,0.0,22.222222222222285,0.010000000000000002,0.0,0.0,0.0,0.0,0.0,0.0,1444.1891381377943,20.094385058633527,3.819963357380368,7.295395873149445,3.0500000000000003,6.529479366362011,0.0,3.0,1975.7164345069941,-88.88858176886436,-571.9948043751898,1264.068603115389
2018-01-01 16:00:00,0.7496909557905765,0.403691980447487,0.3652850448963865,0.7496909557905765,0.40369198044748694,0.3652850448963866,0.010000000000000002,0.0,-0.09253627720688462,0.6012035681963939,0.23102366480106737,0.03378251162945344,0.2646660501116332,0.06683648315529993,1.0,0.0029166666666666685,0.0,0.0,0.4007753137808203,0.0,0.0,0.0,0.0,0.0,0.0,0.0,0.0,0.07082200689886999,0.05311650517415247,0.06683648315529993,0.0,0.06683648315529993,0.0032584247044949674,0.0,0.15384824139402206,0.0,0.07391699870255033,0.0,0.46354507814222395,0.34765880860666787,-0.09253627720688462,0.0,766.3679566180482,0.0,83.87907450794543,51.666666666666686,46.10666666666668,0.2189339190249446,51.665134020295376,635.3081607706621,0.0,766.3679566180482,131.06105391866473,51.665134020295376,51.665134020295376,51.665134020295376,10.042356980382465,4653.958402776322,0.0,20.000000000000057,7.756597337960536,0.0,0.0,0.6,1.0,0.1902498293581808,4653.958402776322,24462.352573333334,0.0,0.0,22.222222222222285,0.010000000000000002,0.0,0.0,0.0,0.0,0.0,0.0,1441.9262828468525,20.264270526351783,1.6673221994116867,5.756803490015186,0.8000000000000002,6.529479366362011,0.0,3.0,2152.1760214381043,-1195.0749217190098,-539.119540112974,733.2104307745122
2018-01-01 17:00:00,1.134309880961859,0.49523244570028374,0.4335634632148729,1.134309880961859,0.49523244570028374,0.43356346321487294,0.010000000000000002,0.0,0.0,0.7255378368607884,0.3987720441010707,0.02555418314973072,0.35461294452422965,0.053396335540912575,1.0,0.0029166666666666685,0.0,0.0,0.49231577903361706,0.0,0.0,0.0,0.04407173219845145,0.006279881720101969,0.019978093963262604,0.0,0.0,0.07726037116240361,0.057945278371802696,0.033418241577649964,0.0,0.033418241577649964,0.006345353371911252,0.0,0.265071861795761,0.0,0.12735482893339842,0.0,0.5707874919222834,0.4280906189417124,0.0,0.0,579.7054801108444,0.0,83.897571549305,51.666666666666686,46.10666666666668,0.1547297587617251,51.66589378764477,449.0040394853084,0.0,579.7054801108444,131.08995554578905,51.66589378764477,51.665893787644784,51.66589378764477,10.042356980382465,6235.608579965928,0.0,20.000000000000057,10.39268096660988,0.0,0.0,0.6,1.0,0.25490633254805717,6235.608579965928,24462.352573333334,0.0,0.0,22.222222222222285,0.010000000000000002,0.0,0.0,0.0,0.0,0.0,0.0,1438.8754048804606,20.258396818674967,-0.6600673584612345,2.7750320884482,-1.4000000000000001,6.529479366362011,0.0,4.0,2321.4374983022794,-1240.5495207105475,-518.5731631475493,121.78647353016555
2018-01-01 18:00:00,1.639196696444739,0.7300793316887804,0.6199046587591558,1.6391966964447389,0.7300793316887803,0.6199046587591558,0.010000000000000002,0.0,0.0,1.1577036023218656,0.47149309412287344,0.03155195120615769,0.5017809670455269,0.0865717405074713,1.0,0.0029166666666666685,0.0,0.0,0.7271626650221137,0.0,0.16326810636063485,0.19088156776360543,0.19097750619328965,0.027212820787108533,0.0865717405074713,0.15394901690853757,0.021936546826847068,0.08047955329417043,0.06035966497062781,0.0,0.0,0.0,0.008403305816855444,0.0,0.3128025571777447,0.0,0.15028723112827333,0.0,0.5690294195652332,0.4267720646739248,0.0,0.0,715.7669221992847,0.0,83.9964463644392,51.666666666666686,46.10666666666668,0.20142821667316654,51.66521885868019,584.5072454675279,0.0,715.7669221992847,131.24444744443625,51.66521885868019,51.66521885868019,51.66521885868019,10.042356980382465,8823.450332786424,0.0,20.000000000000057,14.705750554644041,0.0,0.0,0.6,1.0,0.3606950846749286,8823.450332786424,24462.352573333334,0.0,0.0,22.222222222222285,0.010000000000000002,0.0,0.0,0.0,0.0,0.0,0.0,1428.7448701419569,20.220556556143215,-2.425395098051782,-0.4880467804650946,-3.6,6.529479366362011,0.0,3.8333333333333335,3099.5892598915366,-2244.939266194644,-468.9541535575129,0.0
2018-01-01 19:00:00,1.4752544186358527,0.5209507976965314,0.6791690213820042,1.4752544186358525,0.5209507976965314,0.6791690213820042,0.010000000000000002,0.0,0.0,0.9650528078798511,0.5002016107560014,0.06816306480854094,0.6110059565734632,0.0,1.0,0.0029166666666666685,0.0,0.0,0.5180341310298647,0.0,0.0,0.0,0.0,0.0,0.0,0.33868783719878265,0.04826040301906356,0.07726037116240361,0.057945278371802696,0.0,0.0,0.0,0.011147242410114366,0.0,0.33034081269019455,0.0,0.15871355565569248,0.0,0.5491045995186649,0.4118284496389985,0.0,0.0,1546.30269256242,0.0,84.10696956734087,51.666666666666686,46.10666666666668,0.48783186887586644,51.66425632524241,1415.57211410116,0.0,1546.30269256242,131.41713994897012,51.66425632524241,51.66425632524243,51.66425632524241,10.042356980382465,10744.091675309532,0.0,20.000000000000057,17.90681945884922,0.0,0.0,0.6,1.0,0.43920925606402134,10744.091675309532,24462.352573333334,0.0,0.0,22.222222222222285,0.010000000000000002,0.0,0.0,0.0,0.0,0.0,0.0,1418.6204429497557,20.175753572477273,-4.320634041426483,-3.002970861756216,-5.3,6.529479366362011,0.0,4.0,3786.205071607654,-1927.906494919507,-357.36084337049334,0.0
2018-01-01 20:00:00,1.0236817872349857,0.44643067029009065,0.7397689371304644,1.0236817872349857,0.4464306702900906,0.7397689371304643,0.010000000000000002,0.0,0.0,0.5913520048312322,0.4223297824037536,0.0734244481912587,0.6663444889392057,0.0,1.0,0.0029166666666666685,0.0,0.0,0.44351400362342397,0.0,0.0,0.0,0.0,0.0,0.0,0.0,0.0,0.07565078009652021,0.05673808507239014,0.0,0.0,0.0,0.015606139374160109,0.0,0.2747290024893251,0.0,0.13199464054026844,0.0,0.5157012247347119,0.3867759185510338,0.0,0.0,1665.6589937227552,0.0,84.19609373531466,51.666666666666686,46.10666666666668,0.5284999699382907,51.66271745915381,1533.4854896964232,0.0,1665.6589937227552,131.55639646142916,51.66271745915381,51.66271745915381,51.66271745915381,10.042356980382465,11717.179185370711,0.0,20.000000000000057,19.528631975617852,0.0,0.0,0.6,1.0,0.47898823918283845,11717.179185370711,24462.352573333334,0.0,0.0,22.222222222222285,0.010000000000000002,0.0,0.0,0.0,0.0,0.0,0.0,1413.4790660114188,20.141178115181614,-4.795837109630596,-4.278048466962261,-5.849999999999999,6.529479366362011,0.0,4.0,4451.462927789292,-2011.4417102311752,-223.1367611137546,0.0
2018-01-01 21:00:00,0.9032045805367334,0.42896130768796414,0.7573943074839501,0.9032045805367332,0.42896130768796414,0.7573943074839502,0.010000000000000002,0.0,0.0,0.5680595213617301,0.32514505917500325,0.05536579449127365,0.7020285129926765,0.0,1.0,0.0029166666666666685,0.0,0.0,0.42604464102129747,0.0,0.0,0.0,0.0,0.0,0.0,0.0,0.0,0.07404118903063679,0.05553089177297758,0.0,0.0,0.0,0.018007083893261663,0.0,0.20746202248587822,0.0,0.09967595279586332,0.0,0.4940183323310932,0.37051374924831987,0.0,0.0,1255.9921907588093,0.0,84.24643407891931,51.666666666666686,46.10666666666668,0.38747203150893456,51.66414346326971,1124.3478012620199,0.0,1255.9921907588093,131.63505324831144,51.66414346326971,51.66414346326971,51.66414346326971,10.042356980382465,12344.656580066692,0.0,20.000000000000057,20.574427633444486,0.0,0.0,0.6,1.0,0.5046389771000084,12344.656580066692,24462.352573333334,0.0,0.0,22.222222222222285,0.010000000000000002,0.0,0.0,0.0,0.0,0.0,0.0,1409.7516182433017,20.124515068925444,-5.080582058320075,-4.8536243095628455,-6.099999999999999,6.529479366362011,0.0,4.0,4953.03920490358,-1854.9272538918133,-169.21863151039653,0.0
2018-01-01 22:00:00,0.6988398147243174,0.3540264363608201,0.8163325317762502,0.6988398147243174,0.3540264363608201,0.8163325317762502,0.010000000000000002,0.0,0.0,0.4681463595922048,0.22069345513211278,0.06302711237612661,0.7533054194001236,0.0,1.0,0.0029166666666666685,0.0,0.0,0.3511097696941534,0.0,0.0,0.0,0.0,0.0,0.0,0.0,0.0,0.07082200689886999,0.05311650517415247,0.0,0.0,0.0,0.015606139374160109,0.0,0.1385300182249203,0.0,0.06655729753303233,0.0,0.39732435269333477,0.297993264520001,0.0,0.0,1429.7918358774714,0.0,84.3073548761305,51.666666666666686,46.10666666666668,0.4471960409572533,51.66337276739196,1297.6282227453114,0.0,1429.7918358774714,131.7302419939539,51.66337276739197,51.66337276739197,51.66337276739196,10.042356980382465,13246.323376176946,0.0,20.000000000000057,22.077205626961582,0.0,0.0,0.6,1.0,0.5414983426662284,13246.323376176946,24462.352573333334,0.0,0.0,22.222222222222285,0.010000000000000002,0.0,0.0,0.0,0.0,0.0,0.0,1408.6762404683222,20.10069971580452,-5.007505862204039,-5.2814029884524665,-6.099999999999999,6.529479366362011,0.0,3.5,5278.474075956051,-1793.7475962438891,-156.4155901082406,0.0
2018-01-01 23:00:00,0.4760368457390105,0.29531858927501103,0.8458379829272071,0.4760368457390105,0.29531858927501103,0.8458379829272071,0.010000000000000002,0.0,0.0,0.38986923014445923,0.07616761559455128,0.005814323981240789,0.8400236589459663,0.0,1.0,0.0029166666666666685,0.0,0.0,0.29240192260834436,0.0,0.0,0.0,0.0,0.0,0.0,0.0,0.0,0.06599323370121975,0.04949492527591479,0.0,0.0,0.0,0.010804250335956998,0.0,0.04415089322833498,0.0,0.021212472030259305,0.0,0.3238759964432395,0.24290699733242957,0.0,0.0,131.89994981705004,0.0,84.41517538939853,51.666666666666686,46.10666666666668,0.0,51.66640143150537,0.0,0.0,131.89994981705004,131.89871154593519,51.66640143150537,51.666401431505385,51.66640143150537,10.042356980382465,14771.200025214925,0.0,20.000000000000057,24.618666708691546,0.0,0.0,0.6,1.0,0.6038339927009787,14771.200025214925,24462.352573333334,0.0,0.0,22.222222222222285,0.010000000000000002,0.0,0.0,0.0,0.0,0.0,0.0,1410.2024898223683,20.06648310555285,-4.520466378852643,-5.485628564298236,-5.55,6.529479366362011,0.0,3.6666666666666665,5533.945578758449,-1159.5015602122428,-84.44499664100732,0.0
2018-01-02 00:00:00,0.4677173251371897,0.27667717843485107,0.9104282875003545,0.46771732513718967,0.27667717843485107,0.9104282875003545,0.010000000000000002,0.0,0.0,0.41625531944330935,0.04146200569388039,0.005795010820970454,0.8533919729269875,0.05124130375239661,1.0,0.0029166666666666685,0.0,0.0,0.2737605117681844,0.0,0.0,0.0,0.0,0.0,0.0,0.0,0.0,0.06438364263533634,0.04828773197650224,0.05124130375239661,0.0,0.05124130375239661,0.007888817705619396,0.0,0.022677630387300654,0.0,0.010895557600960339,0.0,0.3006303730555763,0.22547277979168215,0.0,0.0,131.46182409879205,0.0,84.13540656031681,51.666666666666686,46.10666666666668,0.0,51.66640329254687,0.0,0.0,131.46182409879205,131.461572750495,51.666403292546875,51.666403292546875,51.66640329254687,10.011674398445251,15006.272023140931,0.0,20.000000000000057,25.010453371901548,0.0,0.0,0.6,1.0,0.6134435344333735,15006.272023140931,24462.352573333334,0.0,0.0,22.222222222222285,0.010000000000000002,0.0,0.0,0.0,0.0,0.0,0.0,1411.7490250496974,20.171212962855687,-3.7197352908982153,-5.091912056183292,-5.0,6.529479366362011,0.0,4.0,5988.516803273619,-1450.5889477882329,-78.03098765427653,0.0
2018-01-02 01:00:00,0.4034790336434357,0.27151432233207573,0.9173102823633861,0.4034790336434356,0.27151432233207573,0.9173102823633861,0.010000000000000002,0.0,0.0,0.3581302075538788,0.035348826089556806,0.04138645485046173,0.8759238275129243,0.0,1.0,0.0029166666666666685,0.0,0.0,0.26859765566540905,0.0,0.0,0.0,0.0,0.0,0.0,0.0,0.0,0.06277405156945293,0.04708053867708969,0.0,0.0,0.0,0.007888817705619396,0.0,0.018548370228673224,0.0,0.008911638155264185,0.0,0.2953561559844259,0.22151711698831936,0.0,0.0,938.866037650103,0.0,84.37631850205842,51.666666666666686,46.10666666666668,0.2778513475143419,51.66522419312546,807.465967595921,0.0,938.866037650103,131.83799765946628,51.66522419312546,51.66522419312546,51.66522419312546,9.980991816508038,15402.478162674599,0.0,20.000000000000057,25.670796937791,0.0,0.0,0.6,1.0,0.6296401017236993,15402.478162674599,24462.352573333334,0.0,0.0,22.222222222222285,0.010000000000000002,0.0,0.0,0.0,0.0,0.0,0.0,1407.5923064310157,20.077571261473704,-3.91339526752804,-5.008247720789856,-5.3,6.529479366362011,0.0,4.0,5590.970353468911,-1675.0173973119674,-133.4266773056435,0.0
2018-01-02 02:00:00,0.39588273218030684,0.2681095385863505,0.8924526005908574,0.3958827321803068,0.26810953858635045,0.8924526005908573,0.010000000000000002,0.0,0.0,0.35359049589291186,0.03229223628739501,0.027090027940619408,0.865362572650238,0.0,1.0,0.0029166666666666685,0.0,0.0,0.2651928719196838,0.0,0.0,0.0,0.0,0.0,0.0,0.0,0.0,0.06116446050356953,0.04587334537767714,0.0,0.0,0.0,0.007888817705619396,0.0,0.016483740149359508,0.0,0.007919678432416108,0.0,0.2924260353893423,0.21931952654200668,0.0,0.0,614.5466502105136,0.0,84.4474648203178,51.666666666666686,46.10666666666668,0.16592051941512284,51.66500021255063,482.15981863294104,0.0,614.5466502105136,131.9491637817466,51.66500021255063,51.66500021255063,51.66500021255063,9.980991816508038,15216.766240834493,0.0,20.000000000000057,25.36127706805749,0.0,0.0,0.6,1.0,0.6220483575820278,15216.766240834493,24462.352573333334,0.0,0.0,22.222222222222285,0.010000000000000002,0.0,0.0,0.0,0.0,0.0,0.0,1403.6309985924843,20.051969726780566,-4.116364025033598,-5.2548046718678885,-5.3,6.529479366362011,0.0,4.0,5814.271465508443,-1277.500390735637,-99.7919059811303,0.0
2018-01-02 03:00:00,0.3913430205193398,0.26470475484062517,0.9257793031474923,0.3913430205193398,0.26470475484062517,0.9257793031474921,0.010000000000000002,0.0,0.0,0.3490507842319448,0.03229223628739501,0.04763371208699139,0.8781455910605009,0.0,1.0,0.0029166666666666685,0.0,0.0,0.2617880881739585,0.0,0.0,0.0,0.0,0.0,0.0,0.0,0.0,0.05955486943768611,0.04466615207826457,0.0,0.0,0.0,0.007888817705619396,0.0,0.016483740149359508,0.0,0.007919678432416108,0.0,0.2894959147942587,0.21712193609569394,0.0,0.0,1080.5872280500605,0.0,84.4461118937177,51.666666666666686,46.10666666666668,0.32690068432485336,51.665883178756786,950.0234300560661,0.0,1080.5872280500605,131.9470498339339,51.665883178756786,51.665883178756786,51.665883178756786,9.980991816508038,15441.546245365464,0.0,20.000000000000057,25.73591040894244,0.0,0.0,0.6,1.0,0.6312371714484426,15441.546245365464,24462.352573333334,0.0,0.0,22.222222222222285,0.010000000000000002,0.0,0.0,0.0,0.0,0.0,0.0,1395.6170024021733,20.05128311351113,-4.276092667746873,-5.213527319636328,-5.8500000000000005,6.529479366362011,0.0,4.0,5871.351012402388,-2196.60629973936,-176.00340132919317,0.0
2018-01-02 04:00:00,0.38304623887388695,0.2582233444700622,0.9218105628316741,0.383046238873887,0.2582233444700622,0.9218105628316741,0.010000000000000002,0.0,0.0,0.3404089037378608,0.03263733513602618,0.06467406462004723,0.8571364982116269,0.0,1.0,0.0029166666666666685,0.0,0.0,0.2553066778033955,0.0,0.0,0.0,0.0,0.0,0.0,0.0,0.0,0.05794527837180271,0.04345895877885201,0.0,0.0,0.0,0.007888817705619396,0.0,0.016716843545411055,0.0,0.008031673884995729,0.0,0.2824636253660581,0.2118477190245435,0.0,0.0,1467.153516964573,0.0,84.44163210022371,51.666666666666686,46.10666666666668,0.4594848046751217,51.663728472750186,1335.2118054450675,0.0,1467.153516964573,131.94005015659954,51.663728472750186,51.66372847275019,51.663728472750186,9.980991816508038,15072.116754286106,0.0,20.000000000000057,25.120194590476842,0.0,0.0,0.6,1.0,0.6161352105895316,15072.116754286106,24462.352573333334,0.0,0.0,22.222222222222285,0.010000000000000002,0.0,0.0,0.0,0.0,0.0,0.0,1390.8171186428854,20.050485872273416,-5.048070223008818,-5.9412402096399255,-6.1499999999999995,6.529479366362011,0.0,3.5,5926.842656897196,-1365.1516836314424,-135.5617485719958,0.0
2018-01-02 05:00:00,0.42389395215059444,0.2762435861298263,0.8376615965174438,0.4238939521505944,0.27624358612982625,0.8376615965174437,0.010000000000000002,0.0,0.0,0.3644358926175462,0.04945805953304817,0.021834709199875763,0.8158268873175679,0.0,1.0,0.0029166666666666685,0.0,0.0,0.2733269194631596,0.0,0.0,0.0,0.0,0.0,0.0,0.0,0.0,0.05794527837180271,0.04345895877885201,0.0,0.0,0.0,0.006345353371911252,0.0,0.02912127426386846,0.0,0.013991431897268454,0.0,0.30649061424574353,0.2298679606843076,0.0,0.0,495.3279275502114,0.0,84.4423297559171,51.666666666666686,46.10666666666668,0.12465350961339237,51.664552160440444,362.2604959015608,0.0,495.3279275502114,131.94114024362045,51.664552160440444,51.66455216044045,51.664552160440444,9.980991816508038,14345.717540428734,0.0,20.000000000000057,23.90952923404789,0.0,0.0,0.6,1.0,0.5864406335172828,14345.717540428734,24462.352573333334,0.0,0.0,22.222222222222285,0.010000000000000002,0.0,0.0,0.0,0.0,0.0,0.0,1392.3056825760366,20.054082915199928,-4.561608172025271,-5.766917463337342,-5.849999999999999,6.529479366362011,0.0,4.0,6006.225895178384,-1788.708285158613,-96.93007467036402,0.0
2018-01-02 06:00:00,0.6928281353350028,0.35337604790328286,0.7936980951040177,0.6928281353350028,0.35337604790328286,0.7936980951040177,0.010000000000000002,0.0,0.0,0.5018113579457267,0.181016777389276,0.011411986543292972,0.7477539255971531,0.03453218296357163,1.0,0.0029166666666666685,0.0,0.0,0.3504593812366162,0.0,0.0,0.0,0.0,0.0,0.0,0.0,0.0,0.06116446050356953,0.04587334537767714,0.03453218296357163,0.0,0.03453218296357163,0.006002361297753889,0.0,0.11821672228328535,0.0,0.05679769380823672,0.0,0.40611471447858555,0.30458603585893906,0.0,0.0,258.88486042911774,0.0,84.11693118310262,51.666666666666686,46.10666666666668,0.043855701194743656,51.66614838427063,127.45203597430191,0.0,258.88486042911774,131.43270497359785,51.66614838427063,51.66614838427063,51.66614838427063,9.980991816508038,13148.704428747167,0.0,20.000000000000057,21.914507381245283,0.0,0.0,0.6,1.0,0.5375077637904994,13148.704428747167,24462.352573333334,0.0,0.0,22.222222222222285,0.010000000000000002,0.0,0.0,0.0,0.0,0.0,0.0,1395.7355602287762,20.177547530546665,-4.405684737247163,-5.686424271777915,-5.25,6.529479366362011,0.0,4.0,6169.4826883071655,-905.6048369168739,-63.691315945168334,0.0
2018-01-02 07:00:00,0.6604618944460009,0.36150416966252097,0.7455607818385422,0.6604618944460009,0.36150416966252097,0.7455607818385422,0.010000000000000002,0.0,-0.005542067436211336,0.4781166706611393,0.17788729122107294,0.011439553557451645,0.7341212282810906,0.0,1.0,0.0029166666666666685,0.0,0.0,0.3585875029958543,0.0,0.0,0.0,0.0,0.0,0.0,0.0,0.0,0.06438364263533634,0.04828773197650224,0.0,0.0,0.0,0.0058308652606752056,0.0,0.11621869317427207,0.0,0.05583773278612567,0.0,0.4137330280258029,0.3102997710193521,-0.005542067436211336,0.0,259.51022767660277,0.0,84.35389461171755,51.666666666666686,46.10666666666668,0.04385570280266599,51.665892744152494,127.45203597430191,0.0,259.51022767660277,131.80296033080867,51.665892744152494,51.6658927441525,51.665892744152494,9.980991816508038,12908.983443755575,0.0,20.000000000000057,21.51497240625929,0.0,0.0,0.6,1.0,0.5277081754527483,12908.983443755575,24462.352573333334,0.0,0.0,22.222222222222285,0.010000000000000002,0.0,0.0,0.0,0.0,0.0,0.0,1405.3343530821712,20.088710088411656,-2.76751101723687,-4.993512045184402,-3.6,6.529479366362011,0.0,3.0,5972.8116621978115,-421.44176339894216,-15.867125569556686,113.57320421254225
2018-01-02 08:00:00,0.5318828204623087,0.35018509741795123,0.725410720686679,0.5318828204623087,0.35018509741795123,0.7254107206866791,0.010000000000000002,0.0,-0.1028351025131417,0.46302457433504624,0.16169334864040422,0.0440100822941906,0.6814006383924885,0.0,1.0,0.0029166666666666685,0.0,0.0,0.34726843075128455,0.0,0.0,0.0,0.0,0.0,0.0,0.0,0.0,0.06599323370121975,0.04949492527591479,0.0,0.0,0.0,0.005659369223596524,0.0,0.10539603550045018,0.0,0.050637943916357536,0.0,0.39703134063382645,0.29777350547536974,-0.1028351025131417,0.0,998.3839333303198,0.0,84.3522082801514,51.666666666666686,46.10666666666668,0.29845544572458854,51.66543079903229,867.3481940219423,0.0,998.3839333303198,131.80032543773657,51.66543079903229,51.6654307990323,51.66543079903229,9.980991816508038,11981.930532330423,0.0,20.000000000000057,19.969884220550707,0.0,0.0,0.6,1.0,0.4898110472576563,11981.930532330423,24462.352573333334,0.0,0.0,22.222222222222285,0.010000000000000002,0.0,0.0,0.0,0.0,0.0,0.0,1412.0307612972904,20.086492458295503,-1.4077385490161698,-3.7059923381918964,-2.25,6.529479366362011,0.0,2.5,5742.5278413148,-244.66587873721429,-0.14135032832746694,383.92617595094043
2018-01-02 09:00:00,0.2484213659598817,0.31282605983063544,0.6019209437461068,0.24842136595988168,0.31282605983063544,0.6019209437461068,0.010000000000000002,0.0,-0.28558769366223463,0.41321252421862514,0.11079653540349114,0.01146482058594874,0.590456123160158,0.0,1.0,0.0029166666666666685,0.0,0.0,0.30990939316396876,0.0,0.0,0.0,0.0,0.0,0.0,0.0,0.0,0.06599323370121975,0.04949492527591479,0.0,0.0,0.0,0.004801889038203111,0.0,0.07159604307297564,0.0,0.03439860329231238,0.0,0.3472192905174054,0.260414467888054,-0.28558769366223463,0.0,260.08341895413474,0.0,84.39477248183948,51.666666666666686,46.10666666666668,0.04386051599696525,51.665383721643586,127.4520359743019,0.0,260.08341895413474,131.8668320028742,51.665383721643586,51.66538372164359,51.665383721643586,9.980991816508038,10382.737924614397,0.0,20.000000000000057,17.304563207690663,0.0,0.0,0.6,1.0,0.4244374245481495,10382.737924614397,24462.352573333334,0.0,0.0,22.222222222222285,0.010000000000000002,0.0,0.0,0.0,0.0,0.0,0.0,1422.042127495377,20.07314428734613,-0.23957893462368185,-1.5730179288524155,0.25000000000000017,6.529479366362011,0.0,2.5,5258.229002942859,695.9995669085844,49.92506996930688,868.5665812295588
2018-01-02 10:00:00,0.45163429319613196,0.3477807148046827,0.47051995034913685,0.45163429319613196,0.3477807148046827,0.47051995034913685,0.010000000000000002,0.0,-0.4106158133947065,0.7715694503658752,0.08068065622496325,0.01940022876532102,0.45111972158381586,0.0,1.0,0.0029166666666666685,0.0,0.0,0.344864048138016,0.0,0.0,0.0,0.0,0.0,0.0,0.38487254227134393,0.054841367067117675,0.06438364263533634,0.04828773197650224,0.0,0.0,0.0,0.003772912815731015,0.0,0.05194875683434511,0.0,0.024958986574887123,0.0,0.3223132654591949,0.2417349490943961,-0.4106158133947065,0.0,440.1008971706908,0.0,84.3945717963917,51.666666666666686,46.10666666666668,0.10619030114560997,51.666152526091686,308.6021519057924,0.0,440.1008971706908,131.86651843186203,51.666152526091686,51.6661525260917,51.666152526091686,9.980991816508038,7932.609482922241,0.0,20.000000000000057,13.221015804870403,0.0,0.0,0.6,1.0,0.3242782745094461,7932.609482922241,24462.352573333334,0.0,0.0,22.222222222222285,0.010000000000000002,0.0,0.0,0.0,0.0,0.0,0.0,1431.3202640392872,20.072978516407492,2.9160589679253657,2.63932559992968,3.9,6.529479366362011,0.0,2.0,4491.591994369053,1305.0016642804014,64.80097371415071,1305.2354051233522
2018-01-02 11:00:00,0.1028240135461181,0.3500491489962992,0.3198817208976683,0.10282401354611809,0.3500491489962992,0.3198817208976683,0.010000000000000002,0.0,-0.585103520464754,0.5501335112370959,0.12779402277377633,0.0125991347508978,0.3072825861467705,0.0,1.0,0.0029166666666666685,0.0,0.0,0.3471324823296325,0.0,0.0,0.0,0.0,0.0,0.0,0.10776431183597629,0.015355582778792946,0.06438364263533634,0.04828773197650224,0.0,0.0,0.0,0.0025724405561802378,0.0,0.08458323228156191,0.0,0.040638349936034164,0.0,0.3779855567657832,0.2834891675743373,-0.585103520464754,0.0,285.8157279751436,0.0,84.36103452970875,51.666666666666686,46.10666666666668,0.05286532711428674,51.66572785191453,153.63381969703406,0.0,285.8157279751436,131.81411645266994,51.66572785191453,51.66572785191454,51.66572785191453,9.980991816508038,5403.338936827785,0.0,20.000000000000057,9.005564894712975,0.0,0.0,0.6,1.0,0.22088386309655358,5403.338936827785,24462.352573333334,0.0,0.0,22.222222222222285,0.010000000000000002,0.0,0.0,0.0,0.0,0.0,0.0,1433.6159559937598,20.08585960599804,4.295107627687361,7.783379235506433,7.25,6.529479366362011,0.0,3.0,3406.470657530664,1071.7802799036806,-4.753878656714399,1218.7934167280291
2018-01-02 12:00:00,-0.0019761399367075327,0.34106361561969417,0.2247074565633648,-0.0019761399367075293,0.34106361561969417,0.22470745656336477,0.010000000000000002,0.0,-0.5866672847169728,0.4508625986040367,0.12382854617622857,0.00581223181188316,0.21889522475148163,0.0,1.0,0.0029166666666666685,0.0,0.0,0.3381469489530275,0.0,0.0,0.0,0.0,0.0,0.0,0.0,0.0,0.06760282476710315,0.05070211857532734,0.0,0.0,0.0,0.00205795244494419,0.0,0.08225219832104642,0.0,0.039518395410237946,0.0,0.3832597738369336,0.28744483037770013,-0.5866672847169728,0.0,131.85248823180467,0.0,84.38559194072766,51.666666666666686,46.10666666666668,0.0,51.66640276043819,0.0,0.0,131.85248823180467,131.85248740738697,51.66640276043819,51.66640276043819,51.66640276043819,9.980991816508038,3849.1120040899873,0.0,20.000000000000057,6.415186673483312,0.0,0.0,0.6,1.0,0.15734839862810024,3849.1120040899873,24462.352573333334,0.0,0.0,22.222222222222285,0.010000000000000002,0.0,0.0,0.0,0.0,0.0,0.0,1431.1997968631097,20.077558086131003,4.45483896836321,11.84296655735971,9.15,6.529479366362011,0.0,3.0,2577.0346317493354,760.253454063415,-99.07637087389793,1046.235252664355
2018-01-02 13:00:00,0.00332562515478795,0.34106361561969417,0.19100809691457762,0.003325625154787952,0.34106361561969417,0.1910080969145776,0.010000000000000002,0.0,-0.5802080268780239,0.4508625986040367,0.1226710534287751,0.022655449979124095,0.1683526469354535,0.0,1.0,0.0029166666666666685,0.0,0.0,0.3381469489530275,0.0,0.0,0.0,0.0,0.0,0.0,0.0,0.0,0.06760282476710315,0.05070211857532734,0.0,0.0,0.0,0.0018864564078655075,0.0,0.081586188618042,0.0,0.0391984084028676,0.0,0.3832597738369336,0.28744483037770013,-0.5802080268780239,0.0,513.9467158985964,0.0,84.38138642722531,51.666666666666686,46.10666666666668,0.13156871899186498,51.66589257628319,382.3561079229057,0.0,513.9467158985964,131.84591629253953,51.66589257628319,51.6658925762832,51.66589257628319,9.980991816508038,2960.357837752197,0.0,20.000000000000057,4.933929729586995,0.0,0.0,0.6,1.0,0.12101689029612443,2960.357837752197,24462.352573333334,0.0,0.0,22.222222222222285,0.010000000000000002,0.0,0.0,0.0,0.0,0.0,0.0,1430.607640532921,20.07751960884198,4.196486788675571,13.524415120561292,9.4,6.529479366362011,0.0,2.5,1918.1658071547306,584.0595498762833,-228.05444136119345,1055.6814900044208
2018-01-02 14:00:00,0.011043408619908204,0.3371079528163314,0.13290754381253117,0.011043408619908202,0.3371079528163313,0.13290754381253117,0.010000000000000002,0.0,-0.5691880197625029,0.4455883815328863,0.12464304684952465,0.005823537622446573,0.1270840061900846,0.0,1.0,0.0029166666666666685,0.0,0.0,0.3341912861496647,0.0,0.0,0.0,0.0,0.0,0.0,0.0,0.0,0.06760282476710315,0.05070211857532734,0.0,0.0,0.0,0.0018864564078655075,0.0,0.08291820802405085,0.0,0.039838382417608294,0.0,0.3779855567657832,0.2834891675743373,-0.5691880197625029,0.0,132.10896445341987,0.0,84.38634044555806,51.666666666666686,46.10666666666668,0.0,51.666147664422716,0.0,0.0,132.10896445341987,131.8536569461845,51.666147664422716,51.666147664422716,51.666147664422716,9.980991816508038,2234.679053914765,0.0,20.000000000000057,3.724465089857942,0.0,0.0,0.6,1.0,0.09135176378541826,2234.679053914765,24462.352573333334,0.0,0.0,22.222222222222285,0.010000000000000002,0.0,0.0,0.0,0.0,0.0,0.0,1429.8401166560122,20.077145814698085,3.8912253323923327,13.92018617532212,9.700000000000001,6.529479366362011,0.0,2.0,1405.1575905268771,440.7071517680911,-262.6096586556804,1184.4612068734039
2018-01-02 15:00:00,0.38450938739093815,0.3660077486314026,0.12336232822143099,0.38450938739093815,0.3660077486314026,0.12336232822143099,0.010000000000000002,0.0,-0.2914524197009572,0.5041723875662381,0.1617894195256573,0.01142463386939841,0.0918867494054426,0.020050944946589978,1.0,0.0029166666666666685,0.0,0.0,0.36309108196473594,0.0,0.0,0.0,0.0,0.0,0.0,0.0,0.0,0.06599323370121975,0.04949492527591479,0.020050944946589978,0.0,0.020050944946589978,0.00205795244494419,0.0,0.10789357188671678,0.0,0.051837895193996335,0.0,0.41812820891842833,0.3135961566888212,-0.2914524197009572,0.0,259.1717693946327,0.0,84.30048322755167,51.666666666666686,46.10666666666668,0.0438557028765768,51.66614770142931,127.45203597430191,0.0,259.1717693946327,131.71950504304948,51.66614770142931,51.66614770142932,51.66614770142931,9.980991816508038,1615.7611046784775,0.0,20.000000000000057,2.6929351744641292,0.0,0.0,0.6,1.0,0.0660509286600601,1615.7611046784775,24462.352573333334,0.0,0.0,22.222222222222285,0.010000000000000002,0.0,0.0,0.0,0.0,0.0,0.0,1433.300477614327,20.10883615360904,3.5651160819753245,13.862892703403874,8.9,6.529479366362011,0.0,2.5,1239.5146578342226,318.7833241402775,-358.7437620770272,1169.5034369952766
2018-01-02 16:00:00,0.7198122483617738,0.403691980447487,0.10083360118211704,0.7198122483617737,0.40369198044748694,0.10083360118211702,0.010000000000000002,0.0,-0.08676886028619414,0.5655574438469005,0.23102366480106737,0.00578629742828949,0.06385694494802091,0.031190358805806635,1.0,0.0029166666666666685,0.0,0.0,0.4007753137808203,0.0,0.0,0.0,0.0,0.0,0.0,0.0,0.0,0.07082200689886999,0.05311650517415247,0.031190358805806635,0.0,0.031190358805806635,0.0032584247044949674,0.0,0.15384824139402206,0.0,0.07391699870255033,0.0,0.46354507814222395,0.34765880860666787,-0.08676886028619414,0.0,131.26415777316873,0.0,84.00918317335065,51.666666666666686,46.10666666666668,0.0,51.66640412920924,0.0,0.0,131.26415777316873,131.26434870836036,51.66640412920924,51.66640412920924,51.66640412920924,9.980991816508038,1122.8775484846526,0.0,20.000000000000057,1.8714625808077543,0.0,0.0,0.6,1.0,0.04590227146463064,1122.8775484846526,24462.352573333334,0.0,0.0,22.222222222222285,0.010000000000000002,0.0,0.0,0.0,0.0,0.0,0.0,1442.6408589379314,20.218463962605277,3.162136890999298,12.002756197917547,7.25,6.529479366362011,0.0,3.0,763.4411910650492,223.18910307952657,-365.83544701983647,643.7327854412266
2018-01-02 17:00:00,0.9436733381748331,0.43313376664383935,0.20896112612592344,0.943673338174833,0.4331337666438393,0.2089611261259234,0.010000000000000002,0.0,0.0,0.6270919864938037,0.3065813516810294,0.03684525514620212,0.11864668445548136,0.05346918652423994,1.0,0.0029166666666666685,0.0,0.0,0.43021709997717267,0.0,0.0,0.0,0.0,0.0,0.0,0.0,0.0,0.07726037116240361,0.057945278371802696,0.05346918652423994,0.0,0.05346918652423994,0.006345353371911252,0.0,0.20279995456484726,0.0,0.09743604374427088,0.0,0.49636242880716014,0.37227182160537,0.0,0.0,835.8473522391083,0.0,83.96214014328994,51.666666666666686,46.10666666666668,0.24271747407401004,51.66570464021181,705.3694689371418,0.0,835.8473522391083,131.19084397389054,51.6657046402118,51.66570464021181,51.66570464021181,9.980991816508038,2086.3149385810393,0.0,20.000000000000057,3.4771915643017324,0.0,0.0,0.6,1.0,0.08528676595297514,2086.3149385810393,24462.352573333334,0.0,0.0,22.222222222222285,0.010000000000000002,0.0,0.0,0.0,0.0,0.0,0.0,1444.5053855503181,20.233223989071252,3.2320802052597233,9.407765444832126,5.8500000000000005,6.529479366362011,0.0,3.0,1581.8115949084224,414.74820854805904,-320.09253351751414,110.3285064699636
2018-01-02 18:00:00,1.0061077480238967,0.4320320085285642,0.2820269025191248,1.0061077480238967,0.43203200852856416,0.28202690251912477,0.010000000000000002,0.0,0.0,0.6389902723044968,0.35711747571939995,0.03213932700385851,0.18305109235996633,0.06683648315529993,1.0,0.0029166666666666685,0.0,0.0,0.42911534186189754,0.0,0.0,0.0,0.0,0.0,0.0,0.0,0.0,0.08047955329417043,0.06035966497062781,0.06683648315529993,0.0,0.06683648315529993,0.008403305816855444,0.0,0.23554543162923147,0.0,0.11316873827331299,0.0,0.4916742358550265,0.3687556768912697,0.0,0.0,729.0917452553186,0.0,83.75057674870237,51.666666666666686,46.10666666666668,0.20586969193133287,51.6652585450126,598.2827847428606,0.0,729.0917452553186,130.86027616984745,51.66525854501261,51.66525854501261,51.6652585450126,9.980991816508038,3218.8192216822777,0.0,20.000000000000057,5.364698702803797,0.0,0.0,0.6,1.0,0.13158257007509352,3218.8192216822777,24462.352573333334,0.0,0.0,22.222222222222285,0.010000000000000002,0.0,0.0,0.0,0.0,0.0,0.0,1447.4079763213474,20.312567549663875,2.7068506662852063,6.600113338030412,3.0500000000000003,6.529479366362011,0.0,4.0,1974.4702853146189,-516.9563338156636,-364.94991947122753,0.0
2018-01-02 19:00:00,0.7838857262306121,0.36896412561150876,0.39391125613050426,0.783885726230612,0.3689641256115087,0.3939112561305042,0.010000000000000002,0.0,0.0,0.5058863407678696,0.26799938546274255,0.04108502116539874,0.33500317279035885,0.01782306217474665,1.0,0.0029166666666666685,0.0,0.0,0.3660474589448421,0.0,0.0,0.0,0.0,0.0,0.0,0.0,0.0,0.07726037116240361,0.057945278371802696,0.01782306217474665,0.0,0.01782306217474665,0.011147242410114366,0.0,0.1734955276326526,0.0,0.08335661541997559,0.0,0.4108029074307193,0.3081021805730394,0.0,0.0,932.0279102837477,0.0,84.09450502277697,51.666666666666686,46.10666666666668,0.27544563829268265,51.664624185145264,800.452733870351,0.0,932.0279102837477,131.397664098089,51.66462418514527,51.66462418514527,51.664624185145264,9.980991816508038,5890.785124525081,0.0,20.000000000000057,9.817975207541803,0.0,0.0,0.6,1.0,0.2408102453296617,5890.785124525081,24462.352573333334,0.0,0.0,22.222222222222285,0.010000000000000002,0.0,0.0,0.0,0.0,0.0,0.0,1444.7888493925927,20.18277963487369,1.192706633436113,3.5721736849929244,0.55,6.529479366362011,0.0,4.0,2284.4536454426257,-569.376655636854,-328.226175663892,0.0
2018-01-02 20:00:00,0.7115844311410067,0.35545042581274516,0.5112457784438478,0.7115844311410067,0.3554504258127451,0.5112457784438478,0.010000000000000002,0.0,0.0,0.47004501219477146,0.23153941894623523,0.054644011929460695,0.45660176651438705,0.0,1.0,0.0029166666666666685,0.0,0.0,0.3525337591460785,0.0,0.0,0.0,0.0,0.0,0.0,0.0,0.0,0.07565078009652021,0.05673808507239014,0.0,0.0,0.0,0.015606139374160109,0.0,0.14585612495796896,0.0,0.07007715461410616,0.0,0.39439423209825125,0.29579567407368834,0.0,0.0,1239.618303787751,0.0,84.31990199077926,51.666666666666686,46.10666666666668,0.381041069939259,51.6636004620669,1107.2817093640408,0.0,1239.618303787751,131.74984686059258,51.6636004620669,51.66360046206691,51.6636004620669,9.980991816508038,8029.007222860054,0.0,20.000000000000057,13.381678704766756,0.0,0.0,0.6,1.0,0.3282189314699257,8029.007222860054,24462.352573333334,0.0,0.0,22.222222222222285,0.010000000000000002,0.0,0.0,0.0,0.0,0.0,0.0,1437.7165593322886,20.09679208699531,0.08885240670097681,1.5065013134027856,-0.85,6.529479366362011,0.0,4.0,3093.7170997951835,-1162.102568415611,-285.8077842601203,0.0
2018-01-02 21:00:00,0.5253704621244262,0.30457768842666577,0.5504525853637104,0.5253704621244262,0.30457768842666577,0.5504525853637104,0.010000000000000002,0.0,0.0,0.40221469567999896,0.1131557664444272,0.03385868495378921,0.5165939004099213,0.0,1.0,0.0029166666666666685,0.0,0.0,0.3016610217599991,0.0,0.0,0.0,0.0,0.0,0.0,0.0,0.0,0.07404118903063679,0.05553089177297758,0.0,0.0,0.0,0.018007083893261663,0.0,0.06426993633992698,0.0,0.030878746211238556,0.0,0.3281735066493621,0.24613012998702152,0.0,0.0,768.0959748175333,0.0,84.3885147954688,51.666666666666686,46.10666666666668,0.21927851462373205,51.66614767041915,637.2601798715095,0.0,768.0959748175333,131.85705436792,51.66614767041915,51.66614767041916,51.66614767041915,9.980991816508038,9083.924903181498,0.0,20.000000000000057,15.139874838635832,0.0,0.0,0.6,1.0,0.37134306179054827,9083.924903181498,24462.352573333334,0.0,0.0,22.222222222222285,0.010000000000000002,0.0,0.0,0.0,0.0,0.0,0.0,1435.0453461549648,20.074084160340146,-0.737412918332384,-0.14007329686642744,-1.4000000000000001,6.529479366362011,0.0,4.0,3628.414574237186,-524.8059145379934,-187.39796965083406,0.0
2018-01-02 22:00:00,0.4443327856779005,0.2760119755167196,0.5306410805810496,0.44433278567790047,0.27601197551671963,0.5306410805810496,0.010000000000000002,0.0,0.0,0.36412707846673736,0.07020570721116312,0.011478218879569816,0.5191628617014798,0.0,1.0,0.0029166666666666685,0.0,0.0,0.2730953088500529,0.0,0.0,0.0,0.0,0.0,0.0,0.0,0.0,0.07082200689886999,0.05311650517415247,0.0,0.0,0.0,0.015606139374160109,0.0,0.03688028730387,0.0,0.017719280533133007,0.0,0.2933050715678674,0.21997880367590048,0.0,0.0,260.38736387738913,0.0,84.42504000293549,51.666666666666686,46.10666666666668,0.04385570302577912,51.66512718919472,127.4520359743019,0.0,260.38736387738913,131.9141250045867,51.66512718919472,51.66512718919473,51.66512718919472,9.980991816508038,9129.09820358861,0.0,20.000000000000057,15.215163672647684,0.0,0.0,0.6,1.0,0.37318970758112346,9129.09820358861,24462.352573333334,0.0,0.0,22.222222222222285,0.010000000000000002,0.0,0.0,0.0,0.0,0.0,0.0,1438.7793127889918,20.061681099357262,0.1403574413439377,-0.5659467477941649,-0.25000000000000006,6.529479366362011,0.0,4.0,4063.1584747450593,169.92994909352373,-86.54303454581397,0.0
2018-01-02 23:00:00,0.3837021179617263,0.25678750344966184,0.5389109002697327,0.3837021179617262,0.25678750344966184,0.5389109002697327,0.010000000000000002,0.0,0.0,0.3384944490439936,0.03520766891773262,0.005817211380226801,0.5330936888895059,0.0,1.0,0.0029166666666666685,0.0,0.0,0.25387083678299516,0.0,0.0,0.0,0.0,0.0,0.0,0.0,0.0,0.06599323370121975,0.04949492527591479,0.0,0.0,0.0,0.010804250335956998,0.0,0.016483740149359508,0.0,0.007919678432416108,0.0,0.2725012153427739,0.20437591150708034,0.0,0.0,131.96545146136597,0.0,84.45789015394725,51.666666666666686,46.10666666666668,0.0,51.66640253706087,0.0,0.0,131.96545146136597,131.96545336554257,51.66640253706087,51.66640253706087,51.66640253706087,9.980991816508038,9374.06158375011,0.0,20.000000000000057,15.623435972916852,0.0,0.0,0.6,1.0,0.3832036005387672,9374.06158375011,24462.352573333334,0.0,0.0,22.222222222222285,0.010000000000000002,0.0,0.0,0.0,0.0,0.0,0.0,1440.4139647926713,20.050493797832694,1.1906465633859333,-0.2378911432129538,0.3,6.529479366362011,0.0,4.0,4336.4942538867845,-413.68928204413027,-65.08628250814822,0.0
2018-01-03 00:00:00,0.3791770942655053,0.2555803101502493,0.5760538311733122,0.3791770942655052,0.2555803101502493,0.5760538311733122,0.010000000000000002,0.0,0.0,0.33688485797811024,0.03229223628739501,0.01143549868082625,0.5646183324924859,0.0,1.0,0.0029166666666666685,0.0,0.0,0.2526636434835826,0.0,0.0,0.0,0.0,0.0,0.0,0.0,0.0,0.06438364263533634,0.04828773197650224,0.0,0.0,0.0,0.007888817705619396,0.0,0.016483740149359508,0.0,0.007919678432416108,0.0,0.2725012153427739,0.20437591150708034,0.0,0.0,259.418241398382,0.0,84.45837204460186,51.666666666666686,46.10666666666668,0.04385570313561201,51.666147436733354,127.45203597430191,0.0,259.418241398382,131.96620631969043,51.66614743673335,51.666147436733354,51.666147436733354,9.950935228855258,9928.399323436539,0.0,20.000000000000057,16.547332205727567,0.0,0.0,0.6,1.0,0.4058644520666255,9928.399323436539,24462.352573333334,0.0,0.0,22.222222222222285,0.010000000000000002,0.0,0.0,0.0,0.0,0.0,0.0,1435.7650322295183,20.049731786832623,0.6367071481832679,-0.15288984157669597,-0.3,6.529479366362011,0.0,4.0,4481.796530214111,-592.5708553883914,-93.18213034392666,0.0
2018-01-03 01:00:00,0.3775675031996218,0.2543731168508367,0.6012326759211873,0.37756750319962185,0.2543731168508367,0.6012326759211873,0.010000000000000002,0.0,0.0,0.3352752669122268,0.03229223628739501,0.005817406306948095,0.5954152696142393,0.0,1.0,0.0029166666666666685,0.0,0.0,0.25145645018417,0.0,0.0,0.0,0.0,0.0,0.0,0.0,0.0,0.06277405156945293,0.04708053867708969,0.0,0.0,0.0,0.007888817705619396,0.0,0.016483740149359508,0.0,0.007919678432416108,0.0,0.2725012153427739,0.20437591150708034,0.0,0.0,131.96987344143446,0.0,84.46071920640647,51.666666666666686,46.10666666666668,0.0,51.66640252662908,0.0,0.0,131.96987344143446,131.96987376001007,51.66640252662908,51.66640252662909,51.66640252662908,9.920878641202478,10469.940878302014,0.0,20.000000000000057,17.449901463836692,0.0,0.0,0.6,1.0,0.42800220653002136,10469.940878302014,24462.352573333334,0.0,0.0,22.222222222222285,0.010000000000000002,0.0,0.0,0.0,0.0,0.0,0.0,1433.1780241118768,20.049434762606015,0.2820706013758289,-0.48391685726928696,-0.6,6.529479366362011,0.0,4.0,4593.751309405449,-459.86402585559944,-88.26495411820561,0.0
2018-01-03 02:00:00,0.3759579121337384,0.25316592355142414,0.6261018279558835,0.3759579121337384,0.2531659235514241,0.6261018279558835,0.010000000000000002,0.0,0.0,0.33366567584634343,0.03229223628739501,0.005817448285363264,0.6202843796705203,0.0,1.0,0.0029166666666666685,0.0,0.0,0.25024925688475746,0.0,0.0,0.0,0.0,0.0,0.0,0.0,0.0,0.06116446050356953,0.04587334537767714,0.0,0.0,0.0,0.007888817705619396,0.0,0.016483740149359508,0.0,0.007919678432416108,0.0,0.2725012153427739,0.20437591150708034,0.0,0.0,131.97082573629658,0.0,84.46132867511874,51.666666666666686,46.10666666666668,0.0,51.66640252472305,0.0,0.0,131.97082573629658,131.97082605487302,51.66640252472305,51.66640252472305,51.66640252472305,9.920878641202478,10907.245941294343,0.0,20.000000000000057,18.178743235490572,0.0,0.0,0.6,1.0,0.4458788625745034,10907.245941294343,24462.352573333334,0.0,0.0,22.222222222222285,0.010000000000000002,0.0,0.0,0.0,0.0,0.0,0.0,1430.6642401614827,20.04920661259931,0.15566406322638823,-0.6547154417579821,-0.85,6.529479366362011,0.0,4.0,4691.874464624852,-702.2435291813349,-87.74352420975019,0.0
2018-01-03 03:00:00,0.37434832106785504,0.2519587302520116,0.6513298161738755,0.374348321067855,0.2519587302520116,0.6513298161738755,0.010000000000000002,0.0,0.0,0.33205608478046,0.03229223628739501,0.005817490263778694,0.6455123259100969,0.0,1.0,0.0029166666666666685,0.0,0.0,0.2490420635853449,0.0,0.0,0.0,0.0,0.0,0.0,0.0,0.0,0.05955486943768611,0.04466615207826457,0.0,0.0,0.0,0.007888817705619396,0.0,0.016483740149359508,0.0,0.007919678432416108,0.0,0.2725012153427739,0.20437591150708034,0.0,0.0,131.9717780311647,0.0,84.4619381438333,51.666666666666686,46.10666666666668,0.0,51.66640252281701,0.0,0.0,131.9717780311647,131.97177834973954,51.66640252281701,51.66640252281701,51.66640252281701,9.920878641202478,11350.860875423386,0.0,20.000000000000057,18.918101459038976,0.0,0.0,0.6,1.0,0.46401346074118305,11350.860875423386,24462.352573333334,0.0,0.0,22.222222222222285,0.010000000000000002,0.0,0.0,0.0,0.0,0.0,0.0,1427.2303352931458,20.0489784625926,-0.34439404726276046,-1.0494007319589613,-1.4000000000000001,6.529479366362011,0.0,4.0,4779.869246308429,-881.6085025338251,-121.59856818786737,0.0
2018-01-03 04:00:00,0.3727387300019716,0.25075153695259905,0.7107000896104229,0.3727387300019716,0.25075153695259905,0.7107000896104227,0.010000000000000002,0.0,0.0,0.3304464937145766,0.03229223628739501,0.039607204910832194,0.6710928846995907,0.0,1.0,0.0029166666666666685,0.0,0.0,0.2478348702859324,0.0,0.0,0.0,0.0,0.0,0.0,0.0,0.0,0.05794527837180271,0.04345895877885201,0.0,0.0,0.0,0.007888817705619396,0.0,0.016483740149359508,0.0,0.007919678432416108,0.0,0.2725012153427739,0.20437591150708034,0.0,0.0,898.5031375939138,0.0,84.4546060349693,51.666666666666686,46.10666666666668,0.2637491788127573,51.665889654423665,767.5670801710841,0.0,898.5031375939138,131.96032192963952,51.665889654423665,51.665889654423665,51.665889654423665,9.920878641202478,11800.67624266019,0.0,20.000000000000057,19.667793737766985,0.0,0.0,0.6,1.0,0.4824015272972653,11800.67624266019,24462.352573333334,0.0,0.0,22.222222222222285,0.010000000000000002,0.0,0.0,0.0,0.0,0.0,0.0,1425.3201957691097,20.048750312585895,-0.7040576895872491,-1.5057596572356313,-1.7,6.529479366362011,0.0,4.0,4869.123012920524,-750.3457729565249,-106.8673296816553,0.0
2018-01-03 05:00:00,0.41812008961095465,0.27345997156449686,0.7027776036814769,0.4181200896109546,0.27345997156449686,0.7027776036814769,0.010000000000000002,0.0,0.0,0.3607244065304403,0.04739568308051426,0.016226468271147605,0.6865511354103293,0.0,1.0,0.0029166666666666685,0.0,0.0,0.2705433048978302,0.0,0.0,0.0,0.0,0.0,0.0,0.0,0.0,0.05794527837180271,0.04345895877885201,0.0,0.0,0.0,0.006345353371911252,0.0,0.027728203968417537,0.0,0.013322125740185478,0.0,0.30277912815863767,0.22708434611897818,0.0,0.0,368.1030430326289,0.0,84.4440204616233,51.666666666666686,46.10666666666668,0.08079243967631644,51.66490853047387,235.13498582705742,0.0,368.1030430326289,131.9437819712864,51.66490853047387,51.66490853047389,51.66490853047387,9.920878641202478,12072.498245358009,0.0,20.000000000000057,20.120830408930015,0.0,0.0,0.6,1.0,0.49351337771651466,12072.498245358009,24462.352573333334,0.0,0.0,22.222222222222285,0.010000000000000002,0.0,0.0,0.0,0.0,0.0,0.0,1426.5750664102407,20.054082915199928,-0.4790147681518803,-1.64195090716467,-1.4000000000000001,6.529479366362011,0.0,3.8333333333333335,4960.134693494282,-440.4044918193128,-48.707003679998316,0.0
2018-01-03 06:00:00,0.4688129546077257,0.2865692983353771,0.7094720382647367,0.4688129546077256,0.2865692983353771,0.7094720382647367,0.010000000000000002,0.0,0.0,0.378203508891614,0.08060944571611166,0.03153313586335428,0.6779389024013825,0.0,1.0,0.0029166666666666685,0.0,0.0,0.2836526316687104,0.0,0.0,0.0,0.0,0.0,0.0,0.0,0.0,0.06116446050356953,0.04587334537767714,0.0,0.0,0.0,0.006002361297753889,0.0,0.05039473419400146,0.0,0.024212350224356315,0.0,0.3170390483880445,0.2377792862910333,0.0,0.0,715.3400896423844,0.0,84.42321519277755,51.666666666666686,46.10666666666668,0.20059174681072456,51.665588490695846,583.7834130878668,0.0,715.3400896423844,131.91127373871493,51.665588490695846,51.665588490695846,51.665588490695846,9.920878641202478,11921.058443533218,0.0,20.000000000000057,19.86843073922203,0.0,0.0,0.6,1.0,0.487322648457307,11921.058443533218,24462.352573333334,0.0,0.0,22.222222222222285,0.010000000000000002,0.0,0.0,0.0,0.0,0.0,0.0,1425.7287295954645,20.06099349107124,-0.07734636306448646,-1.3451443802607308,-1.1,6.529479366362011,0.0,3.0,5011.651094377092,-590.9723594581063,-48.5644254132204,0.0
2018-01-03 07:00:00,0.4659456509489684,0.29118127538051486,0.6782002807330789,0.46594565094896834,0.29118127538051486,0.6782002807330789,0.010000000000000002,0.0,-0.007694780853091789,0.3843528116184644,0.07928762018359574,0.0116743499228886,0.6665259308101904,0.0,1.0,0.0029166666666666685,0.0,0.0,0.2882646087138482,0.0,0.0,0.0,0.0,0.0,0.0,0.0,0.0,0.06438364263533634,0.04828773197650224,0.0,0.0,0.0,0.0058308652606752056,0.0,0.04961772287382962,0.0,0.023839032049090905,0.0,0.31996916898312805,0.23997687673734594,-0.007694780853091789,0.0,264.8366644073869,0.0,84.4253283631024,51.666666666666686,46.10666666666668,0.04555253529552064,51.665782990911715,132.5674833887031,0.0,264.8366644073869,131.9145755673475,51.665782990911715,51.665782990911715,51.665782990911715,9.920878641202478,11720.369707614605,0.0,20.000000000000057,19.53394951269101,0.0,0.0,0.6,1.0,0.47911866499672245,11720.369707614605,24462.352573333334,0.0,0.0,22.222222222222285,0.010000000000000002,0.0,0.0,0.0,0.0,0.0,0.0,1425.8208478331064,20.061894651644227,0.059442005201590126,-1.114258510513742,-0.8500000000000001,6.529479366362011,0.0,2.5,5005.408874706056,-325.3068925580326,-42.83634920380731,52.9514209806491
2018-01-03 08:00:00,0.46332376076671994,0.31282605983063544,0.6007739272292666,0.4633237607667199,0.31282605983063544,0.6007739272292666,0.010000000000000002,0.0,-0.0855404088760842,0.42992164500745017,0.10894252463535392,0.005805120672634555,0.5782596857678072,0.016709120788824982,1.0,0.0029166666666666685,0.0,0.0,0.30990939316396876,0.0,0.0,0.0,0.0,0.0,0.0,0.0,0.0,0.06599323370121975,0.04949492527591479,0.016709120788824982,0.0,0.016709120788824982,0.005659369223596524,0.0,0.06976451638971347,0.0,0.033518639022043925,0.0,0.3472192905174054,0.260414467888054,-0.0855404088760842,0.0,131.69116957927358,0.0,84.28234763477667,51.666666666666686,46.10666666666668,0.0,51.666403082746825,0.0,0.0,131.69116957927358,131.69116817933855,51.666403082746825,51.66640308274683,51.666403082746825,9.920878641202478,10168.272517123993,0.0,20.000000000000057,16.947120861873323,0.0,0.0,0.6,1.0,0.41567026256536477,10168.272517123993,24462.352573333334,0.0,0.0,22.222222222222285,0.010000000000000002,0.0,0.0,0.0,0.0,0.0,0.0,1433.0490177817535,20.116206811473592,0.8087899871192009,-0.3796285050213033,1.3499999999999999,6.529479366362011,0.0,1.5,4928.722115105901,644.6626350635851,102.90693129652472,331.6812630524454
2018-01-03 09:00:00,0.32878319452922494,0.33150557862429336,0.4977001896233076,0.3287831945292249,0.33150557862429336,0.4977001896233076,0.010000000000000002,0.0,-0.2572467996864081,0.43811854927683563,0.13791144493879737,0.02270015768648108,0.47500003193682655,0.0,1.0,0.0029166666666666685,0.0,0.0,0.3285889119576267,0.0,0.0,0.0,0.0,0.0,0.0,0.0,0.0,0.06599323370121975,0.04949492527591479,0.0,0.0,0.0,0.004801889038203111,0.0,0.08991130990559731,0.0,0.04319824599499695,0.0,0.37212531557561596,0.27909398668171187,-0.2572467996864081,0.0,514.9609256976802,0.0,84.38627397696489,51.666666666666686,46.10666666666668,0.131637565997958,51.66563645285368,383.1078648389125,0.0,514.9609256976802,131.85355308900765,51.6656364528537,51.6656364528537,51.66563645285368,9.920878641202478,8352.527228252342,0.0,20.000000000000057,13.920878713753902,0.0,0.0,0.6,1.0,0.3414441519151972,8352.527228252342,24462.352573333334,0.0,0.0,22.222222222222285,0.010000000000000002,0.0,0.0,0.0,0.0,0.0,0.0,1438.7694205464798,20.07555474043269,3.965099245325575,2.435013131081021,4.45,6.529479366362011,0.0,2.0,4483.798271815715,1471.4221081873077,170.41083470623454,720.7721796982609
2018-01-03 10:00:00,0.11784688307015999,0.29916585400211765,0.40469411984353587,0.11784688307015997,0.2991658540021176,0.4046941198435358,0.010000000000000002,0.0,-0.3766244936029131,0.3949989164472681,0.08947246022580496,0.017072421007072684,0.38762169883646314,0.0,1.0,0.0029166666666666685,0.0,0.0,0.29624918733545097,0.0,0.0,0.0,0.0,0.0,0.0,0.0,0.0,0.06438364263533634,0.04828773197650224,0.0,0.0,0.0,0.003772912815731015,0.0,0.057887343352801233,0.0,0.027812204057272725,0.0,0.33061527381193173,0.24796145535894873,-0.3766244936029131,0.0,387.2937733352603,0.0,84.40834468591953,51.666666666666686,46.10666666666668,0.08775891672735325,51.6658910002482,255.40524322594172,0.0,387.2937733352603,131.88803857174926,51.6658910002482,51.665891000248216,51.6658910002482,9.920878641202478,6816.043318126725,0.0,20.000000000000057,11.360072196877875,0.0,0.0,0.6,1.0,0.2786340069988594,6816.043318126725,24462.352573333334,0.0,0.0,22.222222222222285,0.010000000000000002,0.0,0.0,0.0,0.0,0.0,0.0,1439.7824756485377,20.067874990304784,5.621748406284374,5.706980826963907,5.849999999999999,6.529479366362011,0.0,1.1666666666666667,3746.159371565964,1341.303786189544,-30.111468378584103,1051.0183986254021
2018-01-03 11:00:00,0.16869224100195868,0.3346935662175062,0.33643408704401917,0.16869224100195868,0.33469356621750623,0.3364340870440191,0.010000000000000002,0.0,-0.4627122849253338,0.49361050315351607,0.12779402277377633,0.0057914127494715474,0.279401370542151,0.05124130375239661,1.0,0.0029166666666666685,0.0,0.0,0.33177689955083955,0.0,0.0,0.0,0.0,0.0,0.0,0.0,0.0,0.06438364263533634,0.04828773197650224,0.05124130375239661,0.0,0.05124130375239661,0.0025724405561802378,0.0,0.08458323228156191,0.0,0.040638349936034164,0.0,0.3779855567657832,0.2834891675743373,-0.4627122849253338,0.0,131.3802006028061,0.0,84.08315211728242,51.666666666666686,46.10666666666668,0.0,51.666403431914944,0.0,0.0,131.3802006028061,131.3799251832538,51.666403431914944,51.66640343191495,51.666403431914944,9.920878641202478,4913.068206645327,0.0,20.000000000000057,8.188447011075548,0.0,0.0,0.6,1.0,0.20084201598831974,4913.068206645327,24462.352573333334,0.0,0.0,22.222222222222285,0.010000000000000002,0.0,0.0,0.0,0.0,0.0,0.0,1443.6201177150276,20.190774006228022,5.966056673710924,8.789874793614375,6.3999999999999995,6.529479366362011,0.0,2.0,3246.4096320973335,959.1036649008079,-204.3952790761605,1259.368360793084
2018-01-03 12:00:00,0.08428523646083803,0.34106361561969417,0.3833089598412314,0.08428523646083802,0.34106361561969417,0.3833089598412314,0.010000000000000002,0.0,-0.5004059083194273,0.4508625986040367,0.12382854617622857,0.0676692800617928,0.3156396797794386,0.0,1.0,0.0029166666666666685,0.0,0.0,0.3381469489530275,0.0,0.0,0.0,0.0,0.0,0.0,0.0,0.0,0.06760282476710315,0.05070211857532734,0.0,0.0,0.0,0.00205795244494419,0.0,0.08225219832104642,0.0,0.039518395410237946,0.0,0.3832597738369336,0.28744483037770013,-0.5004059083194273,0.0,1535.1010148563553,0.0,84.30322284805008,51.666666666666686,46.10666666666668,0.48224425159038464,51.66359438847968,1403.3774872494205,0.0,1535.1010148563553,131.72378570007825,51.66359438847968,51.66359438847969,51.66359438847968,9.920878641202478,5550.292299822923,0.0,20.000000000000057,9.25048716637154,0.0,0.0,0.6,1.0,0.2268911905829268,5550.292299822923,24462.352573333334,0.0,0.0,22.222222222222285,0.010000000000000002,0.0,0.0,0.0,0.0,0.0,0.0,1444.4763947592685,20.101988253462473,5.9149091428010605,10.482099395323822,6.1499999999999995,6.529479366362011,0.0,2.0,2009.0774517128866,1065.2971314251952,-657.8615203904866,1336.8871889685477
2018-01-03 13:00:00,0.19001163226924742,0.34106361561969417,0.36282516529719566,0.1900116322692474,0.34106361561969417,0.36282516529719566,0.010000000000000002,0.0,-0.39352201976356443,0.4508625986040367,0.1226710534287751,0.011441431965816679,0.35138373333137896,0.0,1.0,0.0029166666666666685,0.0,0.0,0.3381469489530275,0.0,0.0,0.0,0.0,0.0,0.0,0.0,0.0,0.06760282476710315,0.05070211857532734,0.0,0.0,0.0,0.0018864564078655075,0.0,0.081586188618042,0.0,0.0391984084028676,0.0,0.3832597738369336,0.28744483037770013,-0.39352201976356443,0.0,259.5528400198233,0.0,84.38413796282684,51.666666666666686,46.10666666666668,0.04387865238803287,51.666147163606546,127.70262161297086,0.0,259.5528400198233,131.85021556691694,51.66614716360655,51.66614716360655,51.666147163606546,9.920878641202478,6178.8252692278575,0.0,20.000000000000057,10.298042115379763,0.0,0.0,0.6,1.0,0.25258507948918446,6178.8252692278575,24462.352573333334,0.0,0.0,22.222222222222285,0.010000000000000002,0.0,0.0,0.0,0.0,0.0,0.0,1444.19057625857,20.07751960884198,5.787603870543081,10.00563585764794,5.1,6.529479366362011,0.0,2.0,1629.677753690509,506.2348513316767,-913.714289300172,1425.3184713462026
2018-01-03 14:00:00,0.27022923603176224,0.3371079528163314,0.3507162077472028,0.27022923603176224,0.3371079528163313,0.3507162077472028,0.010000000000000002,0.0,-0.3100021923506488,0.4455883815328863,0.12464304684952465,0.017048189475117926,0.33366801827208487,0.0,1.0,0.0029166666666666685,0.0,0.0,0.3341912861496647,0.0,0.0,0.0,0.0,0.0,0.0,0.0,0.0,0.06760282476710315,0.05070211857532734,0.0,0.0,0.0,0.0018864564078655075,0.0,0.08291820802405085,0.0,0.039838382417608294,0.0,0.3779855567657832,0.2834891675743373,-0.3100021923506488,0.0,386.74407265481403,0.0,84.38428676344034,51.666666666666686,46.10666666666668,0.08775730474764808,51.6664027583977,255.40524322594172,0.0,386.74407265481403,131.85044806787553,51.6664027583977,51.6664027583977,51.6664027583977,9.920878641202478,5867.307411434547,0.0,20.000000000000057,9.778845685724246,0.0,0.0,0.6,1.0,0.23985049654752177,5867.307411434547,24462.352573333334,0.0,0.0,22.222222222222285,0.010000000000000002,0.0,0.0,0.0,0.0,0.0,0.0,1441.706030614283,20.07714581469808,4.353639736457716,8.549147883323768,3.4499999999999997,6.529479366362011,0.0,2.0,1230.912498227376,-534.1531236205079,-868.1175057959439,1492.4220561826912
2018-01-03 15:00:00,0.3154570448033059,0.344251603212907,0.3457904124550261,0.3154570448033059,0.344251603212907,0.34579041245502606,0.010000000000000002,0.0,-0.28433071391536574,0.45511324872832054,0.13467450999035108,0.022721972978783988,0.32306843947624214,0.0,1.0,0.0029166666666666685,0.0,0.0,0.3413349365462403,0.0,0.0,0.0,0.0,0.0,0.0,0.0,0.0,0.06599323370121975,0.04949492527591479,0.0,0.0,0.0,0.00205795244494419,0.0,0.0895783050540951,0.0,0.043038252491311775,0.0,0.3891200150271008,0.2918400112703255,-0.28433071391536574,0.0,515.4558131462093,0.0,84.3755768861917,51.666666666666686,46.10666666666668,0.13164078349922978,51.66512531149561,383.1078648389125,0.0,515.4558131462093,131.83683888467453,51.66512531149561,51.66512531149561,51.66512531149561,9.920878641202478,5680.921591334102,0.0,20.000000000000057,9.468202652223503,0.0,0.0,0.6,1.0,0.2322312040227453,5680.921591334102,24462.352573333334,0.0,0.0,22.222222222222285,0.010000000000000002,0.0,0.0,0.0,0.0,0.0,0.0,1435.5016361081514,20.079294455649034,1.9049123922528308,6.699084495018078,0.9999999999999999,6.529479366362011,0.0,3.0,1125.255572390485,-1309.6977415378656,-830.4869778128187,1150.6804588869654
2018-01-03 16:00:00,0.6294830941025574,0.3797382445826787,0.3883211938982963,0.6294830941025574,0.37973824458267863,0.3883211938982962,0.010000000000000002,0.0,-0.1147311368864284,0.5369609535182545,0.1972532774707314,0.0057923920192419695,0.34799661891548267,0.03453218296357163,1.0,0.0029166666666666685,0.0,0.0,0.376821577916012,0.0,0.0,0.0,0.0,0.0,0.0,0.0,0.0,0.07082200689886999,0.05311650517415247,0.03453218296357163,0.0,0.03453218296357163,0.0032584247044949674,0.0,0.13103740906612052,0.0,0.06295744370011593,0.0,0.4316067636558128,0.3237050727418595,-0.1147311368864284,0.0,131.40241567613066,0.0,84.09714719164594,51.666666666666686,46.10666666666668,0.0,51.666403040667625,0.0,0.0,131.40241567613066,131.4017924869468,51.666403040667625,51.666403040667625,51.666403040667625,9.920878641202478,6119.2653461082255,0.0,20.000000000000057,10.198775576847043,0.0,0.0,0.6,1.0,0.2501503208967277,6119.2653461082255,24462.352573333334,0.0,0.0,22.222222222222285,0.010000000000000002,0.0,0.0,0.0,0.0,0.0,0.0,1427.1417417103187,20.18553487600442,-0.6958423819808809,3.8433327623341715,-1.6500000000000001,6.529479366362011,0.0,3.5,1610.9631355720473,-2087.7097409823295,-705.0299835497744,555.2739330206665
2018-01-03 17:00:00,1.3828410057579135,0.5033307164897499,0.5189945097159291,1.3828410057579132,0.5033307164897499,0.5189945097159291,0.010000000000000002,0.0,0.0,1.066259654076884,0.3065813516810294,0.04596995702623527,0.4730245526896939,0.0,1.0,0.0029166666666666685,0.0,0.0,0.5004140498230832,0.0,0.0,0.0,0.0,0.0,0.0,0.4926368541073202,0.07019694984591061,0.07726037116240361,0.057945278371802696,0.0,0.0,0.0,0.006345353371911252,0.0,0.20279995456484726,0.0,0.09743604374427088,0.0,0.49636242880716014,0.37227182160537,0.0,0.0,1042.8443692534709,0.0,84.21267690884198,51.666666666666686,46.10666666666668,0.3131220154876797,51.66457970346483,911.2623732393923,0.0,1042.8443692534709,131.5823076700656,51.66457970346483,51.664579703464845,51.66457970346483,9.920878641202478,8317.789874376294,0.0,20.000000000000057,13.862983123960495,0.0,0.0,0.6,1.0,0.3400241186713826,8317.789874376294,24462.352573333334,0.0,0.0,22.222222222222285,0.010000000000000002,0.0,0.0,0.0,0.0,0.0,0.0,1411.792875385165,20.138129201718773,-3.2741986075883642,0.5762580577218105,-4.3999999999999995,6.529479366362011,0.0,4.0,2378.0179380155614,-2756.4851175538192,-535.6306045877517,21.362698985500987
2018-01-03 18:00:00,1.035136665925437,0.4610402024198918,0.6118616217675259,1.035136665925437,0.46104020241989174,0.6118616217675259,0.010000000000000002,0.0,0.0,0.6108313810043003,0.41430528492113666,0.04221045848571985,0.5696511632818061,0.0,1.0,0.0029166666666666685,0.0,0.0,0.4581235357532251,0.0,0.0,0.0,0.0,0.0,0.0,0.0,0.0,0.08047955329417043,0.06035966497062781,0.0,0.0,0.0,0.008403305816855444,0.0,0.27417399440348805,0.0,0.13172798470079317,0.0,0.5303518277101299,0.3977638707825973,0.0,0.0,957.5588450152023,0.0,84.21439971785584,51.666666666666686,46.10666666666668,0.283994231824859,51.66527716699269,826.5024180132219,0.0,957.5588450152023,131.58499955914974,51.66527716699269,51.665277166992695,51.66527716699269,9.920878641202478,10016.897962124154,0.0,20.000000000000057,16.694829936873592,0.0,0.0,0.5999999999999999,1.0,0.40948220054042056,10016.897962124154,24462.352573333334,0.0,0.0,22.222222222222285,0.010000000000000002,0.0,0.0,0.0,0.0,0.0,0.0,1402.9555626759095,20.138144355217317,-4.913958614645572,-2.3198688156803526,-5.699999999999999,6.529479366362011,0.0,3.3333333333333335,3338.8638089606807,-2030.5683249058127,-322.8080549667182,0.0
2018-01-03 19:00:00,1.1057323381849018,0.4640465389219713,0.6676435052021436,1.1057323381849018,0.4640465389219713,0.6676435052021434,0.010000000000000002,0.0,0.0,0.6148398296737396,0.48089250851116216,0.02690922732602422,0.6407342778761193,0.0,1.0,0.0029166666666666685,0.0,0.0,0.4611298722553046,0.0,0.0,0.0,0.0,0.0,0.0,0.0,0.0,0.07726037116240361,0.057945278371802696,0.0,0.0,0.0,0.011147242410114366,0.0,0.31729812267302454,0.0,0.15244714342802315,0.0,0.537579458511336,0.4031845938835019,0.0,0.0,610.4451257566066,0.0,84.18443364525795,51.666666666666686,46.10666666666668,0.1643708222274059,51.66491747470315,478.3780746136685,0.0,610.4451257566066,131.53817757071553,51.66491747470315,51.66491747470317,51.66491747470315,9.920878641202478,11266.842404647783,0.0,20.000000000000057,18.778070674412973,0.0,0.0,0.6,1.0,0.46057885769048584,11266.842404647783,24462.352573333334,0.0,0.0,22.222222222222285,0.010000000000000002,0.0,0.0,0.0,0.0,0.0,0.0,1396.0995285416595,20.15040353473552,-5.2145275122575,-3.5935253496477144,-6.3999999999999995,6.529479366362011,0.0,3.8333333333333335,4164.7870136597985,-2762.5088394094473,-233.02279301837282,0.0
2018-01-03 20:00:00,1.2294143754984612,0.4911617438379455,0.8476342287345431,1.229414375498461,0.4911617438379455,0.847634228734543,0.010000000000000002,0.0,0.0,0.8288008206117627,0.39061355488669847,0.01918586416593635,0.7218985300978727,0.10654983447073389,1.0,0.0029166666666666685,0.0,0.0,0.4882450771712788,0.0,0.02251973880836343,0.026328492105324886,0.23504923839174108,0.0334927025072105,0.10654983447073389,0.0,0.0,0.07565078009652021,0.05673808507239014,0.0,0.0,0.0,0.015606139374160109,0.0,0.2533056903760161,0.0,0.12170172513652226,0.0,0.4955810633151379,0.3716857974863534,0.0,0.0,435.23796211708606,0.0,84.10467663096277,51.666666666666686,46.10666666666668,0.10444746542132001,51.66594406583416,303.973364006087,0.0,435.23796211708606,131.41355723587932,51.66594406583416,51.66594406583417,51.66594406583416,9.920878641202478,12694.05625951569,0.0,20.000000000000057,21.156760432526152,0.0,0.0,0.6,1.0,0.5189221364323565,12694.05625951569,24462.352573333334,0.0,0.0,22.222222222222285,0.010000000000000002,0.0,0.0,0.0,0.0,0.0,0.0,1381.5693544848098,20.181406507715938,-6.6854008806168,-4.782369215804793,-8.0,6.529479366362011,0.0,3.6666666666666665,4943.990808410083,-3179.8354483111775,-252.045996301503,0.0
2018-01-03 21:00:00,0.9595039275576417,0.4947825379512764,0.8793385148543308,0.9595039275576418,0.4947825379512763,0.8793385148543307,0.010000000000000002,0.0,0.0,0.6243588683826387,0.32514505917500325,0.06315263176465027,0.8161858830896804,0.0,1.0,0.0029166666666666685,0.0,0.0,0.49186587128460973,0.0,0.05629934702090857,0.06582123026331221,0.0,0.0,0.0,0.0,0.0,0.07404118903063679,0.05553089177297758,0.0,0.0,0.0,0.018007083893261663,0.0,0.20746202248587822,0.0,0.09967595279586332,0.0,0.4940183323310932,0.37051374924831987,0.0,0.0,1432.639286604461,0.0,84.20442841919812,51.666666666666686,46.10666666666668,0.44707727694505345,51.663816308999735,1301.0870144984522,0.0,1432.639286604461,131.5694194049971,51.663816308999735,51.66381630899974,51.663816308999735,9.920878641202478,14352.030217817766,0.0,20.000000000000057,23.920050363029613,0.0,0.0,0.6,1.0,0.5866986903566693,14352.030217817766,24462.352573333334,0.0,0.0,22.222222222222285,0.010000000000000002,0.0,0.0,0.0,0.0,0.0,0.0,1367.0008796052962,20.139446733643624,-8.001873044661004,-6.226308662079126,-9.35,6.529479366362011,0.0,4.0,5198.874610969811,-3263.5509558343147,-265.2605565435358,0.0
2018-01-03 22:00:00,0.5970863029412695,0.32282065202317994,0.960040303824059,0.5970863029412694,0.32282065202317994,0.960040303824059,0.010000000000000002,0.0,0.0,0.42653864714201783,0.16054765579925162,0.04562463617053064,0.9144156676535283,0.0,1.0,0.0029166666666666685,0.0,0.0,0.31990398535651327,0.0,0.0,0.0,0.0,0.0,0.0,0.0,0.0,0.07082200689886999,0.05311650517415247,0.0,0.0,0.0,0.015606139374160109,0.0,0.09790342634165039,0.0,0.04703809008344112,0.0,0.3557166402431478,0.2667874801823608,0.0,0.0,1035.0106462471203,0.0,84.34372270236179,51.666666666666686,46.10666666666668,0.3103078206467857,51.66442955821162,903.0575949834339,0.0,1035.0106462471203,131.7870667224403,51.66442955821162,51.66442955821162,51.66442955821162,9.920878641202478,16079.328944197687,0.0,20.000000000000057,26.79888157366281,0.0,0.0,0.6,1.0,0.6573091813632811,16079.328944197687,24462.352573333334,0.0,0.0,22.222222222222285,0.010000000000000002,0.0,0.0,0.0,0.0,0.0,0.0,1350.8933365654311,20.08902461351587,-9.084708239241294,-7.599139600901164,-10.65,6.529479366362011,0.0,4.0,5664.566411409584,-3694.7967460803943,-272.7477280423475,0.0
2018-01-03 23:00:00,0.4301264480177724,0.27619955239209065,1.0037803039678153,0.43012644801777233,0.27619955239209065,1.0037803039678153,0.010000000000000002,0.0,0.0,0.36437718096723204,0.05574926705054037,0.005815616867950218,0.9979646870998651,0.0,1.0,0.0029166666666666685,0.0,0.0,0.273282885725424,0.0,0.0,0.0,0.0,0.0,0.0,0.0,0.0,0.06599323370121975,0.04949492527591479,0.0,0.0,0.0,0.010804250335956998,0.0,0.03035894229528502,0.0,0.014586074419298352,0.0,0.2983839472660123,0.22378796044950913,0.0,0.0,131.92927939906906,0.0,84.43474449238343,51.666666666666686,46.10666666666668,0.0,51.66640261640632,0.0,0.0,131.92927939906906,131.9292882693491,51.66640261640632,51.66640261640632,51.66640261640632,9.920878641202478,17548.47718188059,0.0,20.000000000000057,29.247461969800984,0.0,0.0,0.6,1.0,0.7173667017215003,17548.47718188059,24462.352573333334,0.0,0.0,22.222222222222285,0.010000000000000002,0.0,0.0,0.0,0.0,0.0,0.0,1334.6004718808422,20.059158204914606,-10.28568107932346,-8.91869651757242,-11.9,6.529479366362011,0.0,4.0,6104.119141742546,-3811.1913116076717,-274.22194218094256,0.0
